Rank all|Rank all past|Delta|Rank shortterm|Rank longterm|Trend|Ticker|Name|GICS sector|Current price|Beta|Last month|Last 3 months|Last year|YTD Performance|200 avg|Z-score 20MA|Efficiency Score|Sharpe Ratio|Trend rank|Sharp ratio rank|Rank efficiency|Rank 1M|Rank 3M|Rank 1 Jaar|Rank 200 MAVG|Total score|Total score incl beta|Sector momentum rank
1|1|0|1|5|Bullish|NASDAQ:MRNA|Moderna Inc|Healthcare|203.4600067138672|1.9612408034132458|0.4744546605873312|1.905326435247869|6.8768876234930705|5.593000735250126|2.0839784789840907|1.8131486082340695|0.2685017383250424|1.6221286308505227|1|29.0|1.0|1.0|1.0|2.0|1.0|7.150000000000001|7.837287174440472|3.0
2|2|0|6|7|Bullish|TWLO|Twilio Inc|Technology|290.7799987792969|1.3671426074184456|0.2228951142740716|0.40929576987737715|1.9051854272994673|1.1016189469251985|0.6742867796367142|1.4802690918930492|0.18014946639860271|2.0012266504890164|1|13.0|6.0|10.0|15.0|13.0|6.0|14.65|15.187863919868022|4.0
3|3|0|3|16|Bullish|NASDAQ:OKTA|Okta Inc|Technology|204.8800048828125|1.2246524298992565|0.23250923508789056|0.5015024511911641|1.234242221386899|1.449545748181451|0.8572333865168107|1.3853217618582816|0.1590903090243135|1.5329170009410655|1|34.0|13.0|8.0|8.0|19.0|3.0|16.65|17.024046295782263|4.0
4|4|0|7|8|Bullish|VLO|Valero Energy Corp|Energy|387.7200012207031|-0.2753000168523549|0.1003519620250315|0.4944646924614797|1.3255047180724726|1.3801304361062128|0.518250766510371|0.12535813874675536|0.2064357112898245|2.4931607587893376|1|3.0|3.0|32.0|10.0|18.0|14.0|16.8|14.657495971688043|1.0
5|5|0|8|12|Bullish|MPC|Marathon Petroleum Corp|Energy|392.0299987792969|-0.140481940880347|0.06290164317343439|0.5375422917102413|1.0679571210086887|1.401485416853026|0.5245840709310479|-0.449601019221861|0.19854787330553733|2.272050362481582|1|4.0|4.0|50.0|6.0|23.0|13.0|19.15|16.965977083214135|1.0
6|6|0|19|3|Bullish|DELL|Dell Technologies Inc|Technology|539.5900268554688|2.2396383021844857|0.18268901982545627|0.25268086443146|2.8545951040174473|3.260765678365831|0.8840500765537203|0.052949546408882366|0.17234106542441907|2.158487374444813|1|10.0|8.0|14.0|34.0|6.0|2.0|19.7|22.142087455303436|4.0
7|7|0|13|10|Bullish|HPE|Hewlett Packard Enterprise Co|Technology|61.4900016784668|2.0497768373776597|0.1784655036833913|0.3665602106433812|1.548809971822612|1.5744538808300295|0.7038965660034053|0.7699632273788403|0.1602113949726281|1.9255237706693944|1|16.0|12.0|15.0|24.0|15.0|5.0|19.900000000000002|21.989055906381548|4.0
8|8|0|9|13|Bullish|NASDAQ:CRWD|Crowdstrike Holdings Inc|Technology|262.739990234375|1.4940774684334561|0.20302196692783148|0.37715221422592426|1.1431541875135198|1.3170333613695675|0.735121630179415|1.3422719120187592|0.14922415977246997|1.666021106688071|1|22.0|20.0|13.0|20.0|20.0|4.0|20.25|21.25050687357775|4.0
9|9|0|16|15|Bullish|PSX|Phillips 66|Energy|252.25|-0.24322782527258158|0.033769131095706895|0.5000817576905312|0.909422789477593|0.9723503931587303|0.3968120225481657|-1.121146298205325|0.1866063787802617|2.240398948842324|1|5.0|5.0|63.0|9.0|24.0|23.0|24.75|21.673011132450362|1.0
10|10|0|14|21|Bullish|FSLY|Fastly Inc|Technology|25.479999542236328|1.1499109244667822|0.10590271396493733|0.38779949320211005|1.9801168390437605|1.50049073517998|0.29157017580237343|0.6188177250068523|0.07696504231733309|1.4521934401223433|1|42.0|100.0|30.0|19.0|12.0|27.0|29.0|29.43474168095367|4.0
11|11|0|5|33|Bullish|NET|Cloudflare Inc|Technology|352.260009765625|1.571863189278487|0.174826621091144|0.4361546457874408|0.6415490739417367|0.7970615349849495|0.5118156880341576|1.0312689311584704|0.08167951412036978|1.1015521261459655|1|71.0|91.0|16.0|12.0|40.0|15.0|34.5|36.47292800301078|4.0
12|12|0|39|17|Bullish|PANW|Palo Alto Networks Inc|Technology|388.4100036621094|1.1847855418700068|0.04526496270078306|0.13896550400316143|0.9075238826057894|1.1654123556637783|0.5712648931466684|1.129501317387374|0.1342901738972877|1.5977840427879277|1|31.0|24.0|57.0|54.0|25.0|10.0|44.7|45.525991372158934|4.0
13|13|0|56|4|Bullish|AMD|Advanced Micro Devices Inc|Semiconductors (Sub)|607.5700073242188|3.2173006738296293|0.3049744938508303|0.04589357286357765|2.7553002814562464|1.718798961853369|0.6482484428917272|1.0366290306164048|0.15284129088079623|2.1847248665238665|1|8.0|17.0|4.0|101.0|8.0|7.0|46.10000000000001|56.321756106354606|2.0
14|14|0|18|40|Bullish|NYSE:TMO|Thermo Fisher Scientific Inc|Healthcare|679.6099853515625|0.5577444827342204|0.09314176561549403|0.3565719892097827|0.40612395406339896|0.1501673645137649|0.25751219587359553|1.37872713194208|0.10947462602776177|1.287290822757514|1|54.0|43.0|34.0|25.0|61.0|30.0|47.25|45.16034268091919|3.0
15|15|0|44|19|Bullish|MRK|Merck & Co Inc|Technology|149.27999877929688|0.19049730896449013|0.012208731229334413|0.16856940753883376|0.8308524356420228|0.4312937343901433|0.23636126711653116|0.6702229358042628|0.17981228733736893|2.200502882469075|1|6.0|7.0|79.0|49.0|30.0|36.0|47.45|43.60890973103651|4.0
16|16|0|28|29|Bullish|APA||Energy|42.189998626708984|-0.7378550617360816|-0.00822760416750734|0.3044809271418978|0.7982480671831684|0.7026046420908012|0.21289811548548454|-1.5005812761632369|0.10060783917779001|1.5152638811519386|1|37.0|64.0|94.0|28.0|33.0|39.0|48.85000000000001|40.360578023419244|1.0
17|17|0|48|23|Bullish|TGT|Target Corp|Consumer Defensive|156.42999267578125|0.4508504107934032|-0.041365365259032894|0.20688053316644806|0.8145417208647601|0.5992266402889896|0.23766706424443806|-0.7099954779429484|0.15586500902778036|2.103930867483098|1|11.0|15.0|137.0|39.0|32.0|35.0|53.45|50.514795445690744|9.0
18|18|0|35|38|Bullish|NASDAQ:WBD|Warner Bros Discovery Inc|Communication Services|30.850000381469727|0.4996670922458702|0.07229752834935255|0.15716431200446324|0.5796210597455209|0.08207646909161981|0.11533505655401588|1.3324788751659682|0.1665195985869119|1.8260314240542725|1|19.0|10.0|45.0|52.0|44.0|75.0|57.45|54.575587444952525|8.0
19|19|0|26|47|Bullish|NYSE:SNOW|Snowflake Inc|Technology|330.30999755859375|1.3259132369222582|0.007042675483517558|0.2978781829414292|0.4644646113473838|0.5242027932504205|0.4606331822533958|-0.1839753949025206|0.07513015870910636|0.8943593114508488|1|92.0|104.0|84.0|31.0|57.0|18.0|61.35|63.34947770851805|4.0
20|20|0|47|32|Bullish|AMGN|Amgen Inc|Healthcare|423.6400146484375|0.5141185247114314|-0.02030433029613732|0.17672534878765012|0.5428486198888229|0.3194618068228825|0.17831922074335527|0.8330652143687478|0.13140773104588158|1.6313762711417539|1|25.0|25.0|105.0|48.0|48.0|49.0|61.85000000000001|58.84482307534021|3.0
21|21|0|36|46|Bullish|NYSE:XOM|Exxonmobil Holdings Corp|Energy|161.35000610351562|-0.5645621698078692|0.029608826436466673|0.1877909385935559|0.47251755939027373|0.3419223430709595|0.09805915120237718|-0.541912591744125|0.11427681933287016|1.6298443608977886|1|26.0|35.0|68.0|45.0|55.0|85.0|64.25|54.19768805898444|1.0
22|22|0|27|53|Bullish|NASDAQ:GILD|Gilead Sciences, Inc|Healthcare|151.27999877929688|0.3388530854624491|0.04428915968747216|0.20414788681117768|0.3965645840367722|0.2664599435474584|0.12230605456676891|0.872484353822357|0.10102582063677244|1.4051540530328517|1|49.0|63.0|58.0|41.0|64.0|69.0|64.80000000000001|60.51576799379668|3.0
23|23|0|30|55|Bullish|CVX||Energy|204.3800048828125|-0.4943944417560796|0.012483920860206776|0.24374799313081996|0.36797959568648086|0.34757669570533034|0.11541622286063191|-1.2213623147904402|0.10683949690278333|1.4461674239499156|1|43.0|48.0|78.0|36.0|67.0|74.0|66.35|56.43469287894841|1.0
24|24|0|32|57|Bullish|NYSE:ANET|Arista Networks Inc|Technology|202.86000061035156|2.0475076741084246|0.038284346097879896|0.19413700717921145|0.392217358199088|0.5184131088524957|0.28582838366392704|0.8066816183248666|0.0561797799999202|0.886260613378427|1|94.0|146.0|60.0|43.0|65.0|29.0|67.15|74.18401403163809|4.0
25|25|0|64|27|Bullish|DDOG|Datadog Inc|Technology|268.55999755859375|1.1736388803884328|0.13326020086253565|0.031494901937249686|0.8859551198704374|1.0076249456611692|0.46845975735422973|1.7150863513584664|0.10183392583778103|1.2483798551378453|1|59.0|61.0|22.0|108.0|28.0|16.0|68.6|69.79116271946465|4.0
26|26|0|55|42|Bullish|NYSE:DE||Industrials|680.5|0.4776697328217894|0.07959319967306167|0.07278542977041069|0.5016101553898773|0.4658511210771765|0.16661496647759688|-0.6010500141342698|0.11042722640582324|1.427508982224718|1|46.0|42.0|41.0|86.0|52.0|52.0|73.25|69.4239307929196|5.0
27|27|0|101|14|Bullish|BE|Bloom Energy Corp|Industrials|291.25|4.23059042377211|0.3818379944781096|-0.037826269393078316|2.4438926457489965|1.9511601255954933|0.4230008676997348|1.3490537831332114|0.08404974363255492|1.6530597046255782|1|23.0|87.0|2.0|155.0|10.0|22.0|73.9|97.77406323167591|5.0
28|28|0|20|80|Bullish|HPQ|HP Inc|Technology|30.729999542236328|0.7655695945899507|0.016665780078238157|0.4142496845201018|0.18604828182645616|0.4428567603285565|0.3319184029342219|-1.2633285925311293|0.03793262970061864|0.5991504438355851|1|127.0|189.0|76.0|14.0|110.0|25.0|75.0|73.24177195942464|4.0
29|29|0|71|31|Bullish|NASDAQ:BIIB||Healthcare|227.07000732421875|0.3246642494854606|0.0392220014838387|0.050958112978036096|0.6210023155059599|0.2769654592927926|0.16769429096395205|1.226391150134489|0.11289338557935936|1.5604181684892393|1|32.0|36.0|59.0|99.0|41.0|50.0|75.2|70.12147515613067|3.0
30|30|0|23|69|Bullish|BBY|Best Buy Co Inc|Consumer Cyclical|88.75|0.7355657495126454|0.08783656715922405|0.1818825503809156|0.23613646994914816|0.333598234592841|0.24786059985910391|-0.3888085365532319|0.05303954031402283|0.7404257736030275|1|106.0|148.0|36.0|47.0|101.0|32.0|77.15|75.10988975749007|11.0
31|31|0|43|60|Bullish|NASDAQ:AAPL|Apple Inc|Technology|329.3999938964844|0.6878997182251565|0.030340886202943285|0.1393561123368594|0.2984204573374918|0.21876170417403373|0.14393010943728846|-0.20358842011936376|0.09565776137868756|1.1902387082144306|1|65.0|71.0|67.0|53.0|85.0|60.0|77.6|75.17810181342722|4.0
32|32|0|122|6|Bullish|STX|Seagate Technology Holdings PLC|Technology|913.4500122070312|2.3544350755586603|0.1017429531830294|-0.052660873321358714|2.892376044821988|2.1871386749300483|0.4260940631698713|1.0738483240893313|0.13086357366451454|2.1975770332742273|1|7.0|27.0|31.0|167.0|4.0|21.0|78.14999999999999|88.73491011549092|4.0
33|33|0|72|41|Bullish|NASDAQ:ROKU|Roku Inc|Communication Services|152.13999938964844|1.47500704522001|-0.03510387540815507|0.1013464605607135|0.519424783410299|0.39937451877692776|0.24108155997714986|-1.4600041989473695|0.10539220805531023|1.2062573248692585|1|64.0|51.0|126.0|74.0|50.0|34.0|80.7|84.53330685492548|8.0
34|34|0|76|37|Bullish|JNJ|Johnson & Johnson|Technology|267.57000732421875|-0.17273121219270035|-0.0017534741296815204|0.05874568520572354|0.4755684447317807|0.3111825294581989|0.11974132276292448|-0.7057148960780298|0.1630436899258003|2.167592497248808|1|9.0|11.0|90.0|95.0|54.0|72.0|81.3|71.76569524487334|4.0
35|35|0|77|36|Bullish|FCX|Freeport-McMoRan Inc|Materials|70.79000091552734|2.1487311787264094|-0.07403526826229634|0.12834824183747395|0.8243498928129527|0.3729114104980684|0.12197945603837113|-0.692348894248473|0.09201981013878985|1.5093424021302462|1|38.0|78.0|187.0|60.0|31.0|71.0|81.7|91.08513373019477|6.0
36|36|0|4|109|Bullish|TEM|Tempus AI Inc|Healthcare|82.58000183105469|2.4995793425083215|0.2895065685583411|0.42551357493565445|0.023169406118129787|0.32424632813981513|0.46579316722763764|1.2227697278006988|0.0035610955961478596|0.3889252416227089|1|152.0|279.0|6.0|13.0|167.0|17.0|81.75|94.00906112500553|3.0
37|37|0|46|66|Bullish|NYSE:COP|ConocoPhillips|Energy|125.44000244140625|-0.5239648345384235|-0.03766784374532495|0.2146659395172652|0.3679532300755701|0.3258027225541589|0.09219985192312397|-1.5156930651614764|0.07849502999436486|1.1751466161890292|1|68.0|98.0|129.0|37.0|68.0|91.0|83.05000000000001|70.3934720491584|1.0
38|38|0|135|2|Bullish|MU|Micron Technology Inc|Semiconductors (Sub)|1065.0799560546875|3.3316577012643442|0.14173613701877885|-0.0771437697855728|5.375744194486053|2.3786419308727003|0.5920666595240394|1.0296391816432195|0.15093188831683726|2.6953054851084857|1|2.0|18.0|20.0|193.0|3.0|9.0|83.25|102.66105036302567|2.0
39|39|0|29|79|Bullish|PFE|Pfizer Inc|Healthcare|28.719999313354492|0.31393605701845084|0.02718169720198227|0.21355585045979963|0.2062087235891652|0.19945897673013646|0.11516981310513774|1.2120937315939053|0.0732412905863241|0.9603766911107435|1|83.0|109.0|70.0|38.0|104.0|76.0|83.60000000000001|77.86450543667425|3.0
40|40|0|99|34|Bullish|NUE|Nucor Corp|Materials|236.24000549316406|0.926436081706575|-0.05692612577579215|0.060561191888503174|0.7606007789425109|0.4027622290058961|0.10911646969183164|-2.123643451392518|0.12932841690644167|1.9369517989741079|1|15.0|28.0|161.0|91.0|34.0|79.0|87.95|87.30300533860934|6.0
41|41|0|75|52|Bullish|KO|Coca-Cola Co|Consumer Defensive|86.83999633789062|-0.2484903768424623|-0.025672803092771757|0.07491305864982034|0.34421812668606067|0.28076877461860916|0.10105895643010165|-1.749819403228055|0.13121883371551296|1.6783257438224548|1|21.0|26.0|111.0|84.0|72.0|84.0|89.35|78.1947384829126|9.0
42|42|0|52|68|Bullish|DVN|Devon Energy Corp|Energy|46.599998474121094|-0.5375103534161397|-0.009465688914958803|0.13508714385402842|0.363028668444181|0.2538186531326607|0.061016398419345697|-1.5686429850439816|0.07172269018802996|1.0747843946304645|1|75.0|113.0|96.0|58.0|69.0|102.0|90.35000000000001|76.45859395688518|1.0
43|43|0|42|85|Bullish|NASDAQ:NVDA||Semiconductors (Sub)|227.2100067138672|1.8814674744820166|0.04557227821577636|0.13680971651511808|0.22067934354454932|0.20593944676289233|0.13850850863198727|0.8023611748174901|0.04477056903039607|0.7198466152639001|1|108.0|167.0|56.0|56.0|102.0|63.0|90.60000000000001|98.58609531880708|2.0
44|44|0|78|58|Bullish|BMY|Bristol-Myers Squibb Co|Healthcare|62.86000061035156|0.24325045359625483|-0.05587265122254803|0.10325550105536019|0.4606917643859334|0.2013664268605413|0.07352784400474621|-0.5972669286919795|0.10859465258215854|1.5208715332799227|1|36.0|44.0|159.0|71.0|58.0|96.0|93.25|86.19331047978507|3.0
45|45|0|93|47|Bullish|SKM|SK Telecom Co Ltd|Communication Services|35.90999984741211|0.9491462339879766|-0.08718861951885748|0.1166044781651876|0.66249996357494|0.7474453129249188|0.10827005317410876|-0.6465767332734081|0.08463949447172936|1.2797408374087906|1|55.0|84.0|212.0|65.0|37.0|80.0|94.15|93.6712117929968|8.0
46|46|0|17|117|Bullish|PLTR|Palantir Technologies Inc|Technology|186.97000122070312|1.9398747303122283|0.003650265495076077|0.6025542483506265|0.02494245750152846|0.11384487394773113|0.22968455749569938|1.0048313450960837|0.004481260329577146|0.3329845302570436|1|156.0|276.0|86.0|4.0|165.0|38.0|94.65|103.54591432240525|4.0
47|47|0|113|30|Bullish|TSM|Taiwan Semicndctr Mnufctrng Co Ltd|Semiconductors (Sub)|456.94000244140625|2.172946256568339|0.09735069100140792|-0.04063106993623755|0.6533928597062919|0.44092134988247356|0.19348925130372918|1.5515984809844403|0.10158073765468235|1.459023855146303|1|41.0|62.0|33.0|160.0|38.0|43.0|95.35|106.5340425563791|2.0
48|48|0|37|93|Bullish|NASDAQ:TEAM|Atlassian Corp|Technology|175.9600067138672|0.7744472171366164|-0.07591306925366115|1.261987461665456|0.1018159679169861|0.13698638510933026|0.5711542552348683|-1.673517070800346|0.017745097122515676|0.49082939252405855|1|143.0|241.0|191.0|2.0|140.0|11.0|95.35000000000001|93.19935421539765|4.0
49|49|0|33|99|Bullish|DHR||Healthcare|226.11000061035156|0.4023498397788723|0.046466390270758495|0.18705378875468548|0.1468598920902564|-0.014487455292005347|0.12301187920272705|1.5605726159572282|0.04182013836513999|0.6025631957229755|1|125.0|174.0|55.0|46.0|123.0|68.0|96.1|90.35658196027495|3.0
50|50|0|53|81|Bullish|NYSE:MET|Metlife Inc|Financial|95.19999694824219|0.6539888585552844|-0.01357377638577939|0.13213330263031597|0.1887539296683327|0.21035249448127047|0.15008783356881672|-1.4177623336160465|0.06606529433923018|0.8552335877237127|1|97.0|127.0|99.0|59.0|109.0|57.0|96.6|93.25753237364404|7.0
51|51|0|59|72|Bullish|NEM|Newmont Corporation|Materials|117.08999633789062|1.6232357204905807|-0.08318691535858247|0.2562498495910597|0.40182915667853725|0.16425333036767942|0.05637426802562118|-1.9251911372232255|0.05164830476447377|0.9300593220943731|1|87.0|155.0|200.0|33.0|63.0|107.0|97.85000000000002|103.94836152500035|6.0
52|52|0|12|130|Bullish|NASDAQ:META|Meta Platforms Inc|Communication Services|738.7899780273438|1.450805048792252|0.27914778397795503|0.3125975623707866|0.009417410317237973|0.13880762502052169|0.1798302333956152|1.075988211282463|0.002398187156710513|0.23124625314877278|1|173.0|284.0|7.0|26.0|171.0|48.0|98.5|102.94042973060367|8.0
53|53|0|168|9|Bullish|MRVL|Marvell Technology Inc|Technology|263.2699890136719|3.0563911490668962|0.21535405294071563|-0.11599940238872364|2.1382288285450186|1.949505776299862|0.6040085790760299|1.3390903204789324|0.11713354628233019|1.83631734629671|1|18.0|34.0|11.0|222.0|11.0|8.0|98.50000000000001|118.75545281830894|4.0
54|54|0|54|86|Bullish|REGN|Regeneron Pharmaceuticals Inc|Healthcare|750.510009765625|0.48869560523357497|-0.05499942399363544|0.2050331609723246|0.3416303391708275|-0.02949351383263199|0.021714363326813757|-1.7944903055005252|0.07145617538272522|1.0517712393702108|1|77.0|114.0|158.0|40.0|76.0|129.0|100.0|94.88695605233575|3.0
55|55|0|100|53|Bullish|CROX|Crocs Inc|Consumer Cyclical|122.62999725341797|0.9514930284779489|0.003272468996964095|0.016495340466159636|0.4677437794640267|0.4103507942204374|0.15635931157189265|0.8144490794984023|0.07510761938169554|1.0841034586738443|1|74.0|105.0|87.0|119.0|56.0|54.0|100.35|99.86323254077621|11.0
56|56|0|81|61|Bullish|VRTX|Vertex Pharmaceuticals Inc|Healthcare|526.72998046875|0.5094749464395819|-0.02761731231005038|0.060394920417336406|0.34493402299961184|0.16499673717800056|0.11426507234980221|0.09629232565676836|0.08720149888078393|1.1840936197377636|1|66.0|83.0|114.0|92.0|71.0|78.0|100.55000000000001|95.61777058645|3.0
57|57|0|144|24|Bullish|NASDAQ:ASML|ASML Holding NV|Technology|1834.3900146484375|2.2057651758240797|0.08149583629094415|-0.07674398372813906|0.9073354682457428|0.5838063992961293|0.20000009334996705|2.0888944068066353|0.10387127292870424|1.6289052031863025|1|27.0|56.0|38.0|191.0|26.0|41.0|102.30000000000001|114.63497774868036|4.0
58|58|0|11|144|Bullish|NASDAQ:SMCI|Super Micro Computer Inc|Semiconductors (Sub)|41.02000045776367|3.7591496638291284|0.10625669989609365|0.3985680383384229|-0.14434706648259998|0.3249354544825036|0.2875765677785569|0.7415175410475326|0.020210275611551195|0.30926321058903966|1|161.0|237.0|28.0|17.0|217.0|28.0|103.15|131.61062878239747|2.0
59|59|0|110|49|Bullish|NYSE:LLY||Healthcare|1184.6300048828125|0.2961927691276416|0.008530507705713841|-0.010923929267501964|0.5623869151859366|0.10181149391252586|0.10763667821593348|1.4612764398794535|0.10246384167500948|1.4450065023878373|1|44.0|59.0|82.0|136.0|47.0|81.0|103.55|96.26207612431672|3.0
60|60|0|10|147|Bullish|DOCU|Docusign Inc|Technology|66.9800033569336|0.589841459831221|0.0465625524520874|0.5078794713629755|-0.0708835239359169|0.032845103052122626|0.24786455117191575|-0.2933270413171439|0.016027833007792192|0.08653516380178135|1|184.0|246.0|54.0|7.0|199.0|31.0|103.75|99.49460514574892|4.0
61|61|0|68|76|Bullish|NYSE:EOG|EOG Resources Inc|Energy|139.66000366210938|-0.5918314088717914|-0.025741208819632933|0.08453313897404224|0.28893086392266265|0.3343948902973164|0.07160469515141932|-1.4266327877047262|0.07042457729486529|1.0321826251712467|1|78.0|116.0|112.0|78.0|87.0|97.0|104.85000000000001|88.15964767797928|1.0
62|62|0|121|45|Bullish|TXN|Texas Instruments Inc|Semiconductors (Sub)|281.69000244140625|1.459936266983988|0.08911996012797929|-0.050114824905911126|0.5728783972975662|0.6134991497174624|0.14719212681431082|1.9378098688942613|0.09353228582225508|1.27837674807089|1|56.0|75.0|35.0|165.0|45.0|58.0|105.4|110.24772825401122|2.0
63|63|0|65|82|Bullish|PM|Philip Morris International Inc.|Consumer Defensive|193.89999389648438|-0.17000053171369106|0.01047472256620563|0.07180360384402373|0.2387321785351657|0.23052286785501175|0.10246796145821224|1.271071167178726|0.06553572998812764|0.9109772933944084|1|89.0|129.0|81.0|87.0|99.0|83.0|106.20000000000002|93.77459435320061|9.0
64|64|0|98|65|Bullish|WELL|Welltower Inc|Real Estate|232.89999389648438|-0.011826002856924556|-0.021716357662364127|0.030000477772640144|0.3266466751248718|0.25927898677080585|0.09704969187430312|-0.44298726156420976|0.09963704836881479|1.3655377056030835|1|51.0|66.0|106.0|110.0|79.0|88.0|107.55000000000001|96.66781133927378|10.0
65|65|0|132|35|Bullish|CNC|Centene Corp|Healthcare|62.209999084472656|0.3460564442745711|-0.0392278133672177|-0.030845977280355652|0.7435537710869471|0.4889899689345947|0.18568184220235429|-1.2732658037983846|0.10334616856207259|1.410904068168367|1|47.0|57.0|133.0|150.0|36.0|46.0|107.65|100.61029762261576|3.0
66|66|0|191|11|Bullish|INTC|Intel Corp|Semiconductors (Sub)|115.93000030517578|2.9752248157158183|0.29574157509176247|-0.16973432463550697|2.4554397299990187|1.943880070105958|0.44993606256021357|0.713001958984812|0.12216026849684487|1.9962139803743275|1|14.0|32.0|5.0|249.0|9.0|19.0|109.30000000000001|130.8892072357739|2.0
67|67|0|73|87|Bullish|NYSE:ABBV|AbbVie Common Stock|Healthcare|263.2900085449219|-0.10894541072738059|0.03056995830590159|0.053743760887073444|0.17240230792719102|0.17533056775465683|0.1504655256918459|0.4738676594412077|0.0567564948651557|0.7426550074151816|1|105.0|144.0|66.0|97.0|114.0|56.0|109.5|97.35704775253518|3.0
68|68|0|96|70|Bullish|NYSE:M|Macy's Inc|Consumer Cyclical|23.270000457763672|1.1221937104168862|0.06631366966637198|-0.003415538072021773|0.3439808073590884|0.05125153937119542|0.09465854294278175|1.71940043928512|0.058304725757804717|0.9269154640587681|1|88.0|143.0|47.0|130.0|73.0|90.0|113.0|114.38078892771082|11.0
69|69|0|60|98|Bullish|NYSE:W|Wayfair Inc|Consumer Cyclical|101.94999694824219|2.6557683592756147|-0.017444151414066633|0.10311619744761158|0.14127387057547658|-0.04326201873096591|0.1558438969647813|0.47047945668886176|0.018912023569646507|0.5302930852016836|1|136.0|240.0|104.0|72.0|124.0|55.0|113.7|132.52608624496375|11.0
70|70|0|22|140|Bullish|MSFT||Technology|508.9599914550781|0.9628051402079659|-0.008899261155290494|0.3669994439413542|-0.009272181980821026|0.08298923348658405|0.18121493537732625|1.3082995094929297|0.0031239421782590236|0.13230178362810596|1|180.0|280.0|95.0|23.0|180.0|47.0|113.95000000000002|113.5261645726698|4.0
71|71|0|31|135|Bullish|NYSE:GAP|Gap Inc|Consumer Cyclical|23.540000915527344|1.1994319075527562|0.0025554248066779195|0.271842673188905|0.13437143404684182|-0.04429575727915136|0.009154677121097077|2.2545307373621157|0.022725405591522207|0.5077810240638008|1|139.0|229.0|89.0|32.0|127.0|143.0|114.4|116.68150102240354|11.0
72|72|0|217|1|Bullish|SNDK|SanDisk Corp|Technology|1729.760009765625|4.1185506487841|0.16483725876197175|-0.23924123593206115|14.416756299588515|5.284551922461134|0.5404903948016455|0.4157401979626847|0.12352235812855025|2.960427107281938|1|1.0|29.0|19.0|272.0|1.0|12.0|114.6|150.33859043506578|4.0
73|73|0|38|136|Bullish|NASDAQ:SHOP|Shopify Inc.|Technology|148.25999450683594|1.8607039699265449|-0.030346629005033154|0.29847603880340245|-0.002355198856591967|-0.05687024564224219|0.14266904471543218|1.4123808582512822|0.00038242419863224246|0.29065503690677374|1|164.0|288.0|119.0|30.0|174.0|61.0|118.45|128.6450385237799|4.0
74|74|0|50|120|Bullish|NYSE:U|Unity Software Inc|Technology|39.720001220703125|2.136917583754277|-0.08289078824185447|0.38978311150228007|-0.007992000187495574|-0.10237285376942096|0.24194474986623882|-1.9293545006408028|0.0012701425190875305|0.36220819233165596|1|153.0|286.0|199.0|18.0|177.0|33.0|118.6|132.08384254332572|4.0
75|75|0|105|71|Bullish|ET|Energy Transfer LP (Texas) Unit|Energy|19.90999984741211|-0.09265931166045166|-0.06569683968165985|0.05873302245875456|0.24715546387259302|0.2645414420733947|0.060593532534701344|-1.9249709705558968|0.104432315988897|1.4105319005761254|1|48.0|55.0|172.0|96.0|96.0|104.0|118.69999999999999|105.73013397059043|1.0
76|76|0|187|26|Bullish|NBIS|Nebius Group NV|Technology|237.35499572753906|3.589108889743386|0.13469262854133324|-0.1405475461236202|1.1141444983039257|1.638743788553041|0.4341669892823872|0.9280445989630712|0.06255547601406161|1.2187142545038863|1|62.0|139.0|21.0|237.0|21.0|20.0|119.70000000000002|150.69163341022835|4.0
77|77|0|130|56|Bullish|HST|Host Hotels & Resorts, Inc.|Real Estate|22.440000534057617|0.7091600653739905|0.007181321475811853|-0.053563838019999865|0.4105773068588934|0.2967293386726366|0.08391570191336672|1.2330212746908744|0.11159375149290798|1.5242764381121268|1|35.0|40.0|83.0|168.0|60.0|94.0|120.55|117.04392458808346|10.0
78|78|0|68|105|Bullish|LNG|Cheniere Energy Inc|Energy|267.2900085449219|-0.513765910680662|-0.053270919642445014|0.12074989480044529|0.14869699476476517|0.36097420141101555|0.09151255341910303|-1.0409524929531748|0.04149181197622617|0.6322580385857752|1|120.0|176.0|152.0|63.0|122.0|92.0|121.0|102.68343248076398|1.0
79|79|0|79|97|Bullish|ETN|Eaton Corporation PLC|Industrials|433.2699890136719|1.7540127270006165|0.07569886867962872|0.019280944630668984|0.17060951481357|0.33480304605380873|0.1221794266938856|0.8706929435474525|0.03512665375523722|0.6000845193317588|1|126.0|205.0|43.0|116.0|116.0|70.0|121.15|130.28486418761247|5.0
80|80|0|85|92|Bullish|NASDAQ:MTCH||Communication Services|40.130001068115234|0.90873030289516|-0.03487255168556769|0.06029438133143761|0.16252246481961996|0.2865738521509562|0.14135377094372426|-1.4189807454623418|0.041761756687428236|0.6337199008805953|1|118.0|175.0|125.0|93.0|119.0|62.0|121.80000000000001|120.68833508926306|8.0
81|81|0|194|25|Bullish|ARM|Arm Holdings PLC - ADR|Semiconductors (Sub)|293.6700134277344|3.4889861477305186|0.22848780455422357|-0.1717573191146916|1.0755530569395781|1.5596618568388347|0.3768025108020854|0.6320045495006348|0.07424826883845644|1.3102949768633763|1|52.0|107.0|9.0|251.0|22.0|24.0|122.55|153.0525252404375|2.0
82|82|0|74|110|Bullish|NYSE:OXY|Occidental Petroleum Corp|Energy|54.939998626708984|-0.62457919465954|-0.06612350557102264|0.13634131825679874|0.18590370971649195|0.31454192490671584|0.029976716116058233|-1.9294038609765665|0.039323672646974055|0.6585501138540623|1|116.0|180.0|174.0|57.0|111.0|123.0|124.55000000000001|104.31586613051545|1.0
83|83|0|117|73|Bearish|NYSE:SLB||Energy|49.869998931884766|0.758913156685184|-0.12561042168021974|0.0782696246265826|0.4864476186415383|0.260914117140181|-0.0008951084581048097|-1.5029164544033204|0.08252406659228226|1.274106841184016|2|57.0|90.0|252.0|80.0|53.0|154.0|125.44999999999999|122.42556555061562|1.0
84|84|0|70|113|Bullish|DBX|Dropbox Inc|Technology|32.70000076293945|0.3198081224195763|-0.08403361164950818|0.19038957336421936|0.08242309678673942|0.21425920506412743|0.16338230022199474|-1.2382163996779223|0.020657056419066535|0.39665151297333406|1|151.0|235.0|203.0|44.0|147.0|53.0|125.70000000000002|117.14998809881409|4.0
85|85|0|24|162|Bullish|HOOD|Robinhood Markets Inc|Financial|116.22000122070312|3.1372553996240207|0.11471320582600053|0.1589549524874656|-0.1882944044851762|0.008766618733239806|0.2306965849631024|0.05083515394036479|0.03082797733904192|0.06454959712941621|1|188.0|215.0|26.0|51.0|228.0|37.0|126.4|153.41490825124762|7.0
86|86|0|166|50|Bullish|DAL|Delta Air Lines Inc|Industrials|84.87000274658203|1.7025203129523652|0.05994758423944502|-0.09161269175394637|0.5118675437536635|0.23859035993124778|0.1266428550481773|1.7297672784286444|0.08417027244914006|1.2539592713170427|1|58.0|85.0|51.0|204.0|51.0|65.0|126.70000000000002|135.6009323651065|5.0
87|87|0|103|89|Bullish|CF|CF Industries Holdings, Inc.|Materials|115.70999908447266|-0.9440709543694729|-0.08013356989975529|0.07432274774497172|0.31666335178698346|0.4651748161761864|0.04093673843104062|-1.5570201485762838|0.049211592557157645|0.8547608289314824|1|98.0|158.0|196.0|85.0|81.0|118.0|126.95|102.27001923427954|6.0
88|88|0|153|59|Bullish|STLD|Steel Dynamics Inc|Materials|221.89999389648438|1.1049987666960424|-0.05441685930072515|-0.03294697374784805|0.6047169887314565|0.2671337604037418|0.029757570787278143|-2.4886213654069707|0.09116049004512153|1.4892428744726465|1|39.0|79.0|156.0|151.0|42.0|124.0|127.0|128.33348433703975|6.0
89|89|0|120|77|Bullish|ABNB|Airbnb Inc|Consumer Cyclical|156.9600067138672|1.1108137526934676|-0.171408896253763|0.09685534604607571|0.29270308911939735|0.18006174871167557|0.09751747022969504|-1.0381010621760594|0.06573326363629026|0.8965789308734816|1|91.0|128.0|270.0|76.0|86.0|87.0|128.10000000000002|129.51952417200334|11.0
90|90|0|25|169|Bullish|ELF|elf Beauty Inc|Consumer Defensive|101.69999694824219|1.7388164477202126|-0.023054770038978822|0.37432428308435384|-0.2323369548003279|0.3070299465265811|0.30566064442625995|0.28831606147438865|0.052045993047343|-0.03934210384124294|1|202.0|153.0|108.0|21.0|239.0|26.0|130.05|139.65830790260136|9.0
91|91|0|148|63|Bullish|CSX|CSX Corp|Industrials|46.93000030517578|0.42498584915343274|-0.08232301788655927|-0.009920497755979252|0.33858747152116453|0.305712366497251|0.06793124875036738|-0.9597898537684764|0.11241050487465923|1.4652377105237122|1|40.0|38.0|198.0|133.0|77.0|100.0|130.25|122.76044068522347|5.0
92|92|0|179|44|Bullish|NASDAQ:CSCO|Cisco Systems Inc|Technology|106.94000244140625|1.0431446610323567|-0.027199107208851325|-0.08615647185219621|0.5953571696854776|0.4192753502562865|0.10440998481809749|-1.0438356643641307|0.11250091406105497|1.535743464152533|1|33.0|37.0|113.0|199.0|43.0|82.0|130.4|130.96260637986194|4.0
93|93|0|125|74|Bullish|EQIX||Real Estate|1015.27001953125|0.48146440752779496|-0.027900933249195514|-0.021363387981999993|0.32398240971047665|0.3489602521750872|0.0401653470417247|-0.7810719746694386|0.09281510297798|1.2455194896850232|1|60.0|76.0|115.0|144.0|80.0|119.0|130.75|123.97014712842592|10.0
94|94|0|208|28|Bullish|HUT|Hut 8 Corp|Technology|92.86000061035156|4.451875264747715|0.16922692963069763|-0.19563427731106153|1.667624158199577|0.8111956267066902|0.1671888807777806|-0.14512714524058534|0.06423520606243187|1.4426639114544741|1|45.0|134.0|17.0|265.0|14.0|51.0|131.35|176.69038160246123|4.0
95|95|0|230|18|Bullish|NASDAQ:AMAT|Applied Materials Inc|Semiconductors (Sub)|512.010009765625|2.6955000314586037|0.1090389128029654|-0.2910684621345141|1.5146134969380323|0.9110898736707693|0.21044502701851053|2.168482785880905|0.10477299405974844|1.8453501794561475|1|17.0|53.0|27.0|280.0|16.0|40.0|131.54999999999998|153.8543029138379|2.0
96|96|0|106|94|Bullish|NYSE:GM|General Motors Co|Consumer Cyclical|80.47000122070312|1.1068537227782898|-0.06530175479174727|0.04613922782572821|0.3312161496302459|0.0002783460346691413|0.0007267219828377414|-1.7576055204024987|0.06620256806206037|0.9885569680712424|1|80.0|126.0|170.0|100.0|78.0|153.0|131.7|133.10726352899007|11.0
97|97|0|108|91|Bullish|FANG|Diamondback Energy Inc|Energy|183.9499969482422|-0.370301032442757|-0.06940861712851776|0.05224170784518534|0.3164276708516687|0.2281214500238231|0.007335510619751462|-1.4323870525880524|0.06275140162969466|1.0119000712010087|1|79.0|138.0|179.0|98.0|82.0|147.0|131.85|113.78258088724225|1.0
98|98|0|15|193|Bullish|NASDAQ:ZS|Zscaler Inc|Technology|198.35499572753906|0.9344447013804035|0.07667046804305255|0.40527810346918836|-0.3380664976858233|-0.10071637511452569|0.18781919225709376|0.5795039358527282|0.0816742068004879|-0.27410539596563377|1|226.0|92.0|42.0|16.0|262.0|45.0|132.5|131.63139229329036|4.0
99|99|0|82|114|Bullish|NASDAQ:QCOM|Qualcomm Inc|Semiconductors (Sub)|184.10000610351562|2.132770835604931|0.12736441692339184|0.0016882743926176502|0.12968181363642994|0.08092540183805674|0.0975277846839846|0.10994638578345864|0.020070584734228233|0.4947808257362643|1|141.0|238.0|23.0|128.0|130.0|86.0|132.65|147.6762051342994|2.0
100|100|0|232|22|Bullish|LRCX|Lam Research Corp|Semiconductors (Sub)|323.8599853515625|3.219005138843559|0.07387888134993958|-0.2518310928379984|1.4298420421468987|0.7552205114600263|0.19069135490997025|1.481470593646055|0.09360821003155516|1.6996683002527415|1|20.0|74.0|44.0|274.0|17.0|44.0|133.35|162.94043352647887|2.0
101|101|0|88|112|Bearish|B|Barrick Mining Corp|Materials|41.2400016784668|1.6507723338093299|-0.09312810109286984|0.1271087378401896|0.2847945565916852|-0.048935636382766545|-0.02837224541155392|-1.7548426483278758|0.038896723342823895|0.7699859893673794|2|101.0|184.0|214.0|61.0|88.0|175.0|133.9|142.61384154970693|6.0
102|102|0|2|209|Bullish|MSTR|Strategy Inc Class A|Technology|154.6699981689453|3.118765321175639|0.21490850000023975|0.7792476432297484|-0.5199714401453963|-0.015843760722464184|0.13533846944757055|0.7157961189862823|0.107485627999401|-0.5022082084229728|1|242.0|47.0|12.0|3.0|281.0|64.0|134.54999999999998|163.0579873964182|4.0
103|103|0|57|154|Bullish|CRM|Salesforce Inc|Technology|225.30999755859375|0.4671613114105655|-0.11833444870690701|0.4407403609325895|-0.04126138151475722|-0.10553239177249885|0.12646812049848744|-1.7420949909429675|0.009054149465281536|0.14120603033489756|1|179.0|264.0|245.0|11.0|188.0|66.0|137.25|129.93678899911|4.0
104|104|0|140|75|Bullish|GOOGL|Alphabet Inc Class A|Communication Services|340.9200134277344|1.3579598615221653|-0.015727108382674992|-0.04541750685179191|0.4060330225475939|0.08387503959770193|0.00847308612179809|-0.17545329728478207|0.08291376927284455|1.239486723410024|1|61.0|88.0|102.0|164.0|62.0|144.0|137.5|142.4219480959298|8.0
105|105|0|94|119|Bearish|LYB|Lyondellbasell Industries N.v|Materials|58.18000030517578|-0.39717939504462857|-0.086225820977756|0.11644062792830234|0.26113724089344004|0.3542836912469973|-0.04239788993479987|-1.5811997141839877|0.04007419706640947|0.7558364122440773|2|103.0|179.0|210.0|66.0|91.0|188.0|139.05|119.62222051190444|6.0
106|106|0|131|84|Bullish|NASDAQ:GOOG|Alphabet Inc Class C|Communication Services|337.32000732421875|1.3396776307597054|-0.01557684836806461|-0.044691866879335684|0.38862889363422193|0.07186372061049462|0.0021652642800389366|-0.2335844464992763|0.08129089521513132|1.2142175218601259|1|63.0|93.0|101.0|162.0|66.0|152.0|139.54999999999998|144.29020133725166|8.0
107|107|0|41|173|Bullish|NASDAQ:WDAY|Workday Inc|Technology|189.1699981689453|0.3610654670910107|-0.0759574196904863|0.5452540516123998|-0.2141818571581331|-0.08076192069299926|0.19920555092217662|-0.5037045678902693|0.05176186773701532|-0.18319941828023506|1|212.0|154.0|192.0|5.0|235.0|42.0|140.45000000000002|131.47616448529325|4.0
108|108|0|83|127|Bullish|NYSE:V|Visa Inc|Financial|365.8800048828125|0.28857209002649564|-0.041194971093472144|0.06840691720537828|0.08033899621602436|0.06233275277501904|0.08801434266113817|-0.8797607782133505|0.032836526713108126|0.4618264992991913|1|146.0|209.0|136.0|88.0|149.0|93.0|140.75|130.7366521671229|7.0
109|109|0|255|20|Bullish|WDC|Western Digital Corp|Technology|453.4800109863281|2.9616924770993425|-0.012676982520163693|-0.2897895889950035|2.784158106845389|1.4185458874264407|0.14560306174004123|0.1899626649210545|0.09484202624123304|2.0734976388226096|1|12.0|72.0|98.0|278.0|7.0|59.0|141.95|169.79622471242513|4.0
110|110|0|146|83|Bullish|KDP|Keurig Dr Pepper Inc|Consumer Defensive|31.030000686645508|0.057402433635627415|-0.0287446655650635|-0.04506575796223811|0.2551379072215272|0.1451732103079728|0.07133848370033813|-0.7702385646396921|0.06965262192096454|0.9790929074265726|1|82.0|118.0|117.0|163.0|94.0|98.0|142.35|128.93212364280316|9.0
111|111|0|136|88|Bullish|VTR|Ventas Inc|Real Estate|86.91000366210938|-0.20366954686800148|-0.05337102741296951|-0.021283776179003455|0.26472950766617087|0.13771589471921164|0.019248236018051257|-0.9222429589796912|0.0890051496116785|1.1785387388953172|1|67.0|81.0|154.0|143.0|89.0|132.0|142.45|125.3037273048653|10.0
112|112|0|95|125|Bullish|NYSE:MMM|3M Co|Industrials|168.49000549316406|0.7355463641648193|-0.03355507036600269|0.04519538015611624|0.10581444419764319|0.05590193432255686|0.056370713111915105|0.6476094930514104|0.033317551393390786|0.5151216314774841|1|137.0|206.0|120.0|102.0|139.0|108.0|142.65|138.87756888481115|5.0
113|113|0|158|78|Bullish|C|Citigroup Inc.|Financial|130.8000030517578|1.351403238966859|-0.015801286239051637|-0.06069579071709241|0.31593154203432117|0.11857960986574145|0.04837631006018284|-1.4198877259340907|0.07525477674107915|1.0846579314171816|1|73.0|103.0|103.0|177.0|83.0|112.0|144.1|149.16372067351242|7.0
114|114|0|92|132|Bullish|NYSE:VZ|Verizon Communications Inc|Communication Services|45.97999954223633|-0.30094094594903137|-0.08223551012706976|0.1044833109444212|0.11765286778824668|0.191775221271838|0.01165285441587871|-1.6401493268772829|0.040094231633532325|0.5637769879650028|1|131.0|178.0|197.0|70.0|133.0|139.0|144.9|126.04936569319854|8.0
115|115|0|34|192|Bullish|NASDAQ:PYPL|PayPal Holdings Inc|Financial|53.88999938964844|1.1141466550707029|0.006766824487022038|0.2511141135694428|-0.18742956772702946|-0.06492432652687308|0.0749754617184748|0.3136348457960921|0.05280647534818616|-0.24842631985878716|1|220.0|149.0|85.0|35.0|226.0|95.0|146.35|148.02053629695973|7.0
116|116|0|134|95|Bullish|OKE|ONEOK Inc|Energy|86.86000061035156|-0.43430625101255105|-0.08336852414293505|0.010992147324469181|0.2549686828659712|0.21290403273129077|0.020511778376978596|-2.056679508982525|0.0650875202641992|0.9848015571968572|1|81.0|131.0|201.0|125.0|95.0|131.0|146.4|125.40175648517625|1.0
117|117|0|237|39|Bullish|STM|STMicroelectronics NV|Technology|53.2400016784668|2.6677755469307662|0.08005204414822176|-0.2878492328350889|0.9012056162649422|0.956350671505487|0.12480457442637993|1.326481216459919|0.08059636731615191|1.3799769811949032|1|50.0|96.0|40.0|277.0|27.0|67.0|147.05|171.5746394176169|4.0
118|118|0|45|182|Bullish|GME|GameStop Corp|Consumer Defensive|23.760000228881836|0.5753632123165047|0.3296026364317233|0.07608697060601255|-0.12903227159692965|0.15227930464842676|0.06920588770173719|1.0039572315498342|0.03527761711165162|-0.16901059184340464|1|210.0|204.0|3.0|82.0|213.0|99.0|148.4|142.09839007077693|9.0
119|119|0|49|179|Bearish|HCA|HCA Healthcare Inc|Healthcare|431.6300048828125|0.16843662887948627|0.03495722830112746|0.10909700705035741|0.01966780245440014|-0.07749536176292471|-0.030414876021767623|0.7776413569901531|0.0053803467033890825|0.21799572585801905|2|176.0|273.0|62.0|68.0|169.0|179.0|149.95000000000002|137.4807072500479|3.0
120|120|0|242|43|Bullish|NASDAQ:KLAC|KLA Corp|Semiconductors (Sub)|196.52999877929688|2.7797752134171447|0.11957392216000629|-0.3478766304236106|0.8319135061020924|0.5477746831126016|0.114609929398517|1.8503995798914037|0.07255451219028265|1.3091097294804503|1|53.0|110.0|25.0|287.0|29.0|77.0|151.9|178.93478549180645|2.0
121|121|0|40|197|Bullish|SAP|SAP SE|Technology|210.85000610351562|0.7032895356460453|-0.04825308073748291|0.36817860793229307|-0.19720305770394264|-0.09456627034008747|0.0963688671328804|-0.16121204524230748|0.06121321545046929|-0.3721059749843043|1|232.0|140.0|145.0|22.0|230.0|89.0|152.35|147.82961607556751|4.0
122|122|0|147|100|Bearish|DD|DuPont de Nemours Inc|Materials|130.1199951171875|1.138231592409833|-0.04590112174149363|-0.03647555366636812|0.35411909310773204|0.07444413631201763|-0.047240867600357284|0.18762601919932867|0.07213515477179189|1.1417491942932154|2|69.0|111.0|143.0|153.0|70.0|193.0|152.75|154.8614875740602|6.0
123|123|0|149|101|Bullish|UNP|Union Pacific Corp|Industrials|274.1499938964844|0.2259544544914065|-0.10405567944723482|0.012581769610757743|0.1842786653116255|0.20003430445349424|0.04600680476886798|-1.1081439759539755|0.06710618861633638|0.866986804772808|1|95.0|124.0|228.0|122.0|112.0|116.0|153.3|141.43388178735327|5.0
124|124|0|145|102|Bullish|EXPE|Expedia Group, Inc.|Consumer Cyclical|266.3299865722656|1.006904220871349|-0.19156755524965519|0.04233986407577284|0.25523851413238097|-0.053297322816127424|0.026186987897394154|-1.0293888303103957|0.03823848736893719|0.7034445499754965|1|112.0|188.0|274.0|104.0|93.0|125.0|153.45|153.55594526927084|11.0
125|125|0|118|122|Bullish|MO|Altria Group Inc|Consumer Defensive|68.72000122070312|-0.5016470332027331|0.01700712301569829|-0.029637983969411308|0.11062073615305712|0.257180629861276|0.053395085004134035|0.08222580500370485|0.037379315025632805|0.5391056559324041|1|135.0|190.0|75.0|148.0|136.0|110.0|153.55|130.49220980517205|9.0
126|126|0|80|159|Bullish|NYSE:MA|Mastercard Inc|Financial|563.5800170898438|0.28872181473043557|-0.053284010336913434|0.09915257465413752|-0.003020190641706333|0.005707913126359543|0.06064114380153329|-0.8039408695089285|0.0012065857531261364|0.09790315391502959|1|183.0|287.0|153.0|75.0|175.0|103.0|154.0|143.0463159468487|7.0
127|127|0|162|96|Bullish|NYSE:USB|US Bancorp|Financial|58.13999938964844|0.7336363814348247|-0.06931329832629629|-0.037417252965832315|0.23765270841274533|0.09851745696923375|0.019133409545498026|-1.5336759573154757|0.07554071948768691|1.0666293968768041|1|76.0|102.0|178.0|154.0|100.0|134.0|155.39999999999998|151.26070936749716|7.0
128|128|0|239|51|Bullish|NYSE:CAT||Industrials|826.6400146484375|1.7256444781444942|0.032977212931505795|-0.22229930767792572|0.7480479343872342|0.38983560463016165|0.04646757913432542|1.4162670415731735|0.10037900786347512|1.60910090866474|1|30.0|65.0|64.0|270.0|35.0|115.0|155.45|166.73014341275615|5.0
129|129|0|128|115|Bearish|PLD|Prologis, Inc.|Real Estate|132.61000061035156|0.454436070871078|-0.05001518317865583|-0.01333979849978928|0.19431824303450673|0.05165491670962474|-0.024487442019679118|-1.3977255312673509|0.06511040326749007|0.9464013749468922|2|84.0|130.0|148.0|139.0|107.0|172.0|155.95|147.44193052523445|10.0
130|130|0|119|128|Bullish|NASDAQ:AMZN|Amazon.com Inc|Consumer Cyclical|246.6699981689453|1.4416502739973454|-0.07416580358834401|0.03495007954621854|0.12342300833788511|0.08905076454280492|0.023469844668570827|-1.4208137159433372|0.029610362293855136|0.5084790921361019|1|138.0|217.0|189.0|106.0|131.0|127.0|156.6|163.51624329079843|11.0
131|131|0|143|108|Bullish|NASDAQ:EBAY|eBay Inc|Consumer Cyclical|105.20999908447266|0.7122487158883904|-0.003881875132053514|-0.05566101027761816|0.17153165052925035|0.21957525612912376|0.04985575995765923|-0.8586286049240448|0.03836801443282533|0.6271948056358027|1|121.0|187.0|91.0|171.0|115.0|111.0|157.3|152.7736723009244|11.0
132|132|0|116|137|Bullish|NYSE:JPM|JPMorgan Chase & Co|Financial|334.9800109863281|0.791129200149402|-0.0633073777752291|0.02798120519812697|0.08229542024609371|0.043802102738284|0.04717374314221523|-1.7787023108004296|0.02972502855460237|0.46590800196890103|1|145.0|216.0|167.0|112.0|148.0|113.0|158.55|155.23835346836879|7.0
133|133|0|220|64|Bullish|NYSE:GEV|GE Vernova Inc|Technology|962.489990234375|1.9736088881998384|0.05544284974139391|-0.18076196122522492|0.5688330469140637|0.41898847248841076|0.05455702827746345|1.0010327868056919|0.06779416123480285|1.1235423187674156|1|70.0|122.0|52.0|260.0|46.0|109.0|159.2|174.69985350014144|4.0
134|134|0|21|227|Bullish|COIN|Coinbase Global Inc|Financial|190.02000427246094|2.896544642863906|0.0637035653923761|0.29981531636284076|-0.43696106619192265|-0.1966346541532511|0.018601209546091235|0.42255548758732936|0.08107423718911659|-0.4383160789534644|1|238.0|95.0|48.0|29.0|273.0|135.0|161.75|192.4266095983237|7.0
135|135|0|86|170|Bullish|BNTX|BioNTech SE - ADR|Healthcare|98.56999969482422|0.915040397533544|-0.0343374710576303|0.05932290663113671|-0.0005070274829164223|0.019443553686506965|0.009283418816441458|-0.20159439845185345|0.00011253585170048128|0.2260057415890502|1|174.0|289.0|124.0|94.0|173.0|142.0|162.75000000000003|161.36728246985845|3.0
136|136|0|107|155|Bullish|NYSE:SCHW|Charles Schwab Corporation Common Stock|Financial|99.0999984741211|0.4646226467351597|-0.10039946278426348|0.07715379801173405|0.05128960525756687|-0.014645625519920769|0.012948039003909395|-1.449192282703248|0.017109024858748153|0.3269482242777447|1|157.0|244.0|222.0|81.0|153.0|138.0|163.04999999999998|154.32067225501677|7.0
137|137|0|66|189|Bullish|DIS|Walt Disney Co|Communication Services|105.41000366210938|0.6509563728523272|-0.02488431868623664|0.09516886921672074|-0.06605799521425948|-0.05035582358914126|0.019145063759822722|-0.14533092875696804|0.022967438530971013|-0.12426675989425909|1|205.0|226.0|110.0|77.0|197.0|133.0|164.25|158.51695842409947|8.0
138|138|0|51|204|Bearish|KR||Consumer Defensive|60.790000915527344|-0.631042898015101|0.053187796775774565|0.10223489186387535|-0.07776381771410545|-0.017819030012305226|-0.03421132961485951|1.11178513879675|0.022831201829192974|-0.1372900542478979|2|206.0|227.0|53.0|73.0|201.0|181.0|165.0|138.08779218275083|9.0
139|139|0|87|172|Bullish|PG|Procter & Gamble Co|Consumer Defensive|148.32000732421875|-0.04086997185117773|0.03157607861640632|0.019007253388461542|-0.0063025259480444795|0.06933734593821672|0.014949625978877501|1.2075426098553925|0.002589466941779941|0.06617136699582855|1|187.0|283.0|65.0|117.0|176.0|137.0|165.45000000000002|148.22880631572227|9.0
140|140|0|126|139|Bearish|DOW|Dow Inc|Materials|27.610000610351562|-0.08838405959376841|-0.08454910464342602|0.0208482178905236|0.26352854218249555|0.17629164338896275|-0.1191666956974814|-1.6267730498063624|0.0370191405403087|0.7510287965490102|2|104.0|191.0|204.0|115.0|90.0|235.0|167.1|148.91310236418812|6.0
141|141|0|58|203|Bearish|T||Communication Services|24.479999542236328|-0.34286532511189727|-0.058823555293420426|0.19844360519974802|-0.09226779329661683|0.0326267896580994|-0.011919249434259038|-2.099543805533986|0.03318663779613429|-0.25445141005569527|2|221.0|207.0|163.0|42.0|205.0|158.0|168.5|145.87271927186453|8.0
142|142|0|232|67|Bearish|FDX|FedEx Corp|Industrials|287.4700012207031|0.9017753636832602|-0.1277849501832382|-0.07834277724198213|0.5385390699742634|0.2313743012027505|-0.028936314739433366|-1.2959854248174423|0.10793957501575639|1.6444946198684243|2|24.0|45.0|254.0|195.0|49.0|177.0|168.75|167.09245926215502|5.0
143|143|0|61|199|Bullish|NOW|ServiceNow Inc|Technology|129.94000244140625|0.6576132817533504|-0.10206622615715466|0.308823570095601|-0.2940191973433909|-0.11875208456587683|0.11795185474534753|-1.6088554674942057|0.07024039232231075|-0.3214061138008476|1|230.0|117.0|224.0|27.0|257.0|73.0|169.35|163.55168092649296|4.0
144|144|0|114|162|Bullish|ECL|Ecolab Inc|Materials|277.8699951171875|0.47598107682639507|-0.02839341446591137|-6.3699150231188995e-06|0.02571241732140206|0.06654062965793717|0.020591108775167788|0.6835737188663529|0.009803829768517786|0.22591243861490762|1|175.0|258.0|116.0|129.0|164.0|130.0|171.1|162.13403622449962|6.0
145|145|0|142|138|Bearish|KMI|Kinder Morgan Inc|Energy|30.450000762939453|-0.13033391803651018|-0.03517106216052923|-0.03864197310064044|0.11883073327541283|0.13026873225743585|-0.01745780572226152|-1.653355700125462|0.04241388321490658|0.6479898641641499|2|117.0|172.0|127.0|157.0|132.0|166.0|171.65000000000003|152.24781829690335|1.0
146|146|0|188|106|Bullish|NASDAQ:MCHP|Microchip Technology Inc|Semiconductors (Sub)|78.77999877929688|2.199521762765571|0.08021388248514683|-0.13098702639124016|0.2588510959939532|0.23205834069574105|0.010049212514117833|1.9249820303695229|0.03675632350554504|0.7075528507837158|1|110.0|193.0|39.0|233.0|92.0|141.0|172.35|193.02375758126462|2.0
147|147|0|84|188|Bullish|NYSE:BLK|BlackRock Inc|Financial|1067.93994140625|1.1980418657533005|-0.07819758574564717|0.11633223519251668|-0.0644218659217316|0.0003860408718485697|0.016006259319257587|-0.4646379032860612|0.021567686195817278|-0.10699463893685054|1|203.0|234.0|194.0|67.0|196.0|136.0|172.8|176.22216344021703|7.0
148|148|0|178|111|Bullish|SPG|Simon Property Group Inc|Real Estate|204.27999877929688|0.24314582043691893|-0.03769306149194196|-0.07680492451838883|0.1389352396557253|0.14772367792292584|0.02302775865799611|-0.690156227334036|0.056016835193765116|0.7853511825472443|1|100.0|147.0|130.0|192.0|126.0|128.0|173.5|160.36857998458055|10.0
149|149|0|67|200|Bearish|NYSE:TM|Toyota Motor Corp|Technology|186.7100067138672|0.8932070622398259|-0.03995263875137789|0.10859760565116994|-0.02292108277755478|-0.1430210175869332|-0.07468228423458134|-1.6415191288319613|0.006709544779567821|0.044645147466650444|2|192.0|269.0|134.0|69.0|184.0|206.0|173.5|171.647142529861|4.0
150|150|0|62|206|Bullish|SONY||Technology|23.3700008392334|0.7533366196243867|-0.05955732472905484|0.16500505789697018|-0.18825980909819184|-0.09698602793381439|0.04318019679153684|-0.7721526081126209|0.06460070459128288|-0.5557319938793572|1|247.0|132.0|164.0|50.0|227.0|117.0|174.25|169.95189059695494|4.0
151|151|0|155|142|Bullish|TT|Trane Technologies PLC|Industrials|455.5899963378906|1.0806619393231414|0.01716652166480448|-0.07022750843092074|0.08732434681432566|0.15278231009381305|0.02394648259213139|1.6526704689629301|0.024509007481561026|0.43729287535980643|1|148.0|224.0|74.0|183.0|144.0|126.0|175.2|176.6131971769414|5.0
152|152|0|151|146|Bearish|BKR|Baker Hughes Co|Energy|55.91999816894531|0.7078492409435777|-0.10398977238157947|0.011274198182698036|0.16573055196864006|0.19910557216175162|-0.050856911324031695|-1.0804289088144297|0.03587808063994002|0.6324163502722827|2|119.0|199.0|227.0|124.0|118.0|195.0|176.15|171.00376437922114|1.0
153|153|0|124|164|Bearish|DLR||Real Estate|176.55999755859375|0.7903510651962816|-0.041512541683637494|-0.01007536698576117|0.05053597050845737|0.1621906245828617|-0.01074386274660355|-1.6849752082195455|0.01532510677278841|0.3169816980873046|2|160.0|247.0|138.0|135.0|155.0|157.0|177.05|173.33816560930018|10.0
154|154|0|102|183|Bearish|AIG|American International Group Inc|Financial|75.2699966430664|0.04964425526028944|-0.015096814280183724|0.016618869307273743|-0.018026848671675255|-0.08956908639819794|-0.013485206690813656|0.2168337430695997|0.006617466144101415|0.046041994504125244|2|190.0|270.0|100.0|118.0|182.0|159.0|177.7|160.81217841597532|7.0
155|155|0|139|156|Bearish|PAAS||Materials|46.13999938964844|1.8934354683744872|-0.12729335498771133|0.03372467388975431|0.20253186077251284|-0.08749885798958035|-0.12200220014547569|-1.6878742105079312|0.022137748042938152|0.6109500607605547|2|123.0|230.0|253.0|107.0|105.0|240.0|179.8|195.86396972137328|6.0
156|156|0|161|145|Bearish|CL|Colgate-Palmolive Company|Consumer Defensive|86.45999908447266|-0.1285376488828486|-0.04727273736118287|-0.05153075982090671|0.10860715615793093|0.13311671852563545|-0.014249258291498923|-0.7810596878164575|0.03529887413642375|0.5743832047380724|2|129.0|203.0|144.0|166.0|137.0|161.0|180.45|160.08553812590898|9.0
157|157|0|63|211|Bearish|ISRG|Intuitive Surgical Inc|Healthcare|412.17999267578125|0.9297401788424577|0.10622647859342638|0.03646147723559601|-0.07837134684509883|-0.2665575162802417|-0.08294909342698487|1.5070582723266002|0.019995333860927503|-0.039081980106245216|2|201.0|239.0|29.0|105.0|202.0|216.0|180.45000000000002|179.18216152721217|3.0
158|158|0|209|104|Bullish|MS|Morgan Stanley|Financial|192.75999450683594|1.3959847503800957|-0.10248176806712128|-0.07280380516336393|0.24012168050483984|0.07716824901566488|0.0023750481170858873|-1.6307708836207586|0.059125979296497044|0.9035134126372871|1|90.0|142.0|226.0|188.0|98.0|151.0|181.89999999999998|189.10296260941394|7.0
159|159|0|111|181|Bullish|NASDAQ:MDLZ||Consumer Defensive|59.31999969482422|-0.23535671924524534|-0.04874921240816521|0.02558782051057973|-0.025282546724330945|0.12460627995094664|0.005453786824353601|-2.2674305981686365|0.009392866939232622|0.0050558481816151074|1|195.0|261.0|146.0|113.0|185.0|148.0|182.04999999999998|159.5603309261403|9.0
160|160|0|211|103|Bearish|NYSE:LUV|Southwest Airlines Co|Industrials|42.08000183105469|1.5651348202380126|0.06652612641043021|-0.1778082723324227|0.3422437258797957|0.03256974232606247|-0.02451061984715297|1.259875968386259|0.05213484251126554|0.8875002935305604|2|93.0|151.0|46.0|258.0|75.0|173.0|182.25|192.5495820988378|5.0
161|161|0|270|62|Bearish|AAOI|Applied Optoelectronics Inc|Technology|100.66999816894531|4.235811115432566|-0.052339311044796055|-0.32053188660462495|2.882375510379419|1.5421717688886765|-0.06502477457276967|-0.38354900510658774|0.04682135522581516|1.6261036978333026|2|28.0|164.0|151.0|283.0|5.0|200.0|182.89999999999998|242.0829853012616|4.0
162|162|0|195|121|Bullish|UNH|UnitedHealth Group Inc|Healthcare|374.94000244140625|0.4173179274342374|-0.03995746005922307|-0.09234482970061719|0.11475159055358164|0.13660216101831724|0.06506560996222333|-0.7926009513312021|0.03106497117550397|0.4966861020380806|1|140.0|213.0|135.0|205.0|135.0|101.0|184.3|173.56116940261302|3.0
163|163|0|170|148|Bearish|RTX|Rtx Corp|Industrials|186.94000244140625|0.3466674734539986|-0.11699968582939202|-0.011431959522878121|0.13377599888948022|0.00917419101236705|-0.03489820323069259|-1.6682453592811413|0.039152328192363105|0.6136809405108726|2|122.0|181.0|244.0|138.0|128.0|182.0|184.8|172.7264149094299|5.0
164|164|0|115|185|Bearish|COST|Costco Wholesale Corp|Consumer Defensive|924.5900268554688|-0.11610236098929158|-0.022084195685377783|-0.010059003777836306|0.004704477537499363|0.08680019649019499|-0.03566720537378065|1.0610427851254827|0.0019097532031955653|0.12301533681943932|2|181.0|285.0|107.0|134.0|172.0|183.0|185.65|164.9295596682338|9.0
165|165|0|200|126|Bearish|CTVA|Corteva Inc|Materials|77.87000274658203|0.1036301853547273|-0.06989296354479968|-0.07856916001060954|0.1622305092288252|0.156905933313346|-0.005944142324397217|-1.3086928359664196|0.047065709735369395|0.6980390541232333|2|113.0|163.0|180.0|196.0|120.0|156.0|189.40000000000003|172.42275571061856|6.0
166|166|0|175|150|Bullish|NYSE:BAC|Bank of America Corporation|Financial|54.959999084472656|0.727998792032357|-0.11360064910015977|-0.030529820655774587|0.08803104484158397|-0.0019423679431910257|0.002620131024474226|-1.493362689903276|0.0309966738175941|0.49344043956779915|1|142.0|214.0|239.0|149.0|143.0|150.0|189.7|184.5401370848538|7.0
167|167|0|173|153|Bullish|XYZ|Block Inc|Technology|74.05000305175781|1.870710164528964|-0.11391643745160873|-0.0256578545821341|0.02462995006742097|0.13660784831054285|0.05804537183179703|-1.4796516445496335|0.004764981802372559|0.2850425841686096|1|165.0|275.0|240.0|146.0|166.0|106.0|190.2|206.7609073293409|4.0
168|168|0|177|151|Bullish|NYSE:LYV|Live Nation Entertainment Inc|Communication Services|171.08999633789062|0.6375764468763404|-0.05813376225386224|-0.06564362532027335|0.0470624401998323|0.17741379954879943|0.047033562299600096|-0.1250302018923823|0.013526115522342922|0.30466799731365846|1|162.0|252.0|162.0|180.0|156.0|114.0|190.59999999999997|183.69220707746302|8.0
169|169|0|186|149|Bearish|WMB|Williams Companies Inc|Energy|68.62999725341797|0.015496108116820067|-0.06241175718913772|-0.07010512999084217|0.11634033777982511|0.15266590488345333|-0.020753307217834083|-1.7733828176673188|0.035393520660112386|0.57952808091914|2|128.0|201.0|166.0|182.0|134.0|170.0|191.0|172.19597566503128|1.0
170|170|0|214|117|Bullish|NASDAQ:UAL|United Airlines Holdings Inc|Industrials|112.6500015258789|2.177524851766298|0.01853529005461496|-0.1716302891719378|0.16735752876558463|-0.0031855641407526614|0.032906310351623835|1.0309406308868887|0.02563451731467922|0.5611499841759284|1|132.0|221.0|73.0|250.0|117.0|122.0|191.10000000000002|213.602499917254|5.0
171|171|0|165|165|Bearish|AVGO|Broadcom Inc|Semiconductors (Sub)|355.1000061035156|2.1557505896555176|-0.03536807237874984|-0.058248506164768954|0.08435727982059715|0.027147754704844207|-0.031103000840254857|-0.08706179580983082|0.013990822912403915|0.4084924280479355|2|150.0|250.0|128.0|174.0|146.0|180.0|191.5|213.63262379190317|2.0
172|172|0|137|177|Bearish|NYSE:LMT|Lockheed Martin Corp|Industrials|512.2100219726562|0.022197111951177625|-0.08596576813661727|0.011616525320039983|0.05255349341116888|0.049119757783764983|-0.07942913732169576|-2.1066941516518365|0.01402230505316138|0.3220137826719863|2|158.0|249.0|208.0|123.0|152.0|209.0|192.0|173.22618454946263|5.0
173|173|0|261|90|Bearish|NYSE:VRT|Vertiv Holdings Co|Technology|248.33999633789062|2.7028786747627978|-0.03376030583006373|-0.25810623015887124|0.6479147692265634|0.41513413168185753|-0.05685934382862101|-0.3591355474853555|0.052083643223480906|1.0893205002930695|2|72.0|152.0|122.0|275.0|39.0|197.0|192.05|224.75378494881954|4.0
174|174|0|167|165|Bearish|ED|Consolidated Edison Inc|Utilities|103.33000183105469|-0.46853086630770535|-0.038701238397893856|-0.058325318984079|0.062049045528385305|0.05885986065771465|-0.029080404565973272|-1.1025619841427081|0.025991076618417305|0.4395343050292299|2|147.0|220.0|132.0|175.0|150.0|178.0|192.5|164.23078082357665|12.0
175|175|0|172|157|Bearish|NASDAQ:MDB|Mongodb Inc|Technology|337.19000244140625|1.7558539887156748|-0.2450181225027066|0.003840454207687305|0.08637797904770372|-0.15628673191286535|-0.019379598110470964|-1.6279755552477544|0.010157186363992047|0.4725780152664243|2|144.0|257.0|287.0|127.0|145.0|169.0|192.9|207.4804234423254|4.0
176|176|0|210|124|Bearish|NYSE:HAL|Halliburton Co|Energy|31.540000915527344|0.24211252306999156|-0.1242018876640435|-0.06667520067332866|0.30807413254688787|0.080247983408543|-0.10151157850940773|-1.6853594209623206|0.052308534966812266|0.939615064921018|2|86.0|150.0|250.0|181.0|84.0|227.0|193.70000000000002|179.01971957186575|1.0
177|177|0|127|186|Bearish|WMT|Walmart Inc|Consumer Defensive|106.80000305175781|-0.059429333197775276|0.03598803807992357|-0.05477941573664935|0.04501468254702923|-0.046824097469753134|-0.09532640530609215|-0.4991484756802961|0.013391035724973905|0.3007415848957037|2|163.0|253.0|61.0|170.0|157.0|223.0|193.8|173.26825952262712|9.0
178|178|0|129|184|Bullish|KHC|Kraft Heinz Co|Consumer Defensive|23.450000762939453|-0.08822460331675948|-0.07296109831741804|0.008674836231043814|-0.03781263517188094|0.011228705954539508|0.007581591400698029|-1.6165581935694104|0.012170350907388995|-0.013549529763961454|1|198.0|254.0|186.0|126.0|187.0|146.0|193.95000000000002|172.84388381867146|9.0
179|179|0|203|131|Bullish|IRM|Iron Mountain Inc|Real Estate|111.5|1.0925593522423875|-0.04287595756427476|-0.11039217845421401|0.13058303841685093|0.3702180634419734|0.010423331715708528|-1.0287365053252766|0.031071767961318296|0.541042919352532|1|134.0|212.0|141.0|215.0|129.0|140.0|194.3|196.0984282140696|10.0
180|180|0|205|132|Bearish|SBUX|Starbucks Corp|Consumer Cyclical|95.43000030517578|0.5478885861490708|-0.11515992901868721|-0.060786796922962294|0.15680002145613137|0.15711956605198218|-0.02349588875598796|-0.7427525055682065|0.04199034889262606|0.6674899814809364|2|114.0|173.0|242.0|178.0|121.0|171.0|194.95|186.13608798697612|11.0
181|181|0|180|167|Bearish|APD|Air Products and Chemicals Inc|Materials|279.19000244140625|0.13372784907558202|-0.09380373994613245|-0.04180249469710329|0.0510062998354992|0.12862100087985207|-0.014394449282069455|-1.2543109413419362|0.017426251202952388|0.3202469909301074|2|159.0|242.0|215.0|161.0|154.0|162.0|199.55|182.26353922830324|6.0
182|182|0|150|187|Bearish|SHW|Sherwin-Williams Co|Materials|330.44000244140625|0.8149506833989208|-0.04181402169769277|-0.03809318216948898|-0.03663572555324335|0.015119554676548796|-0.004733228853983973|0.9516060875983363|0.011672420690174408|-0.0007347907528353998|2|196.0|256.0|139.0|156.0|186.0|155.0|200.15|196.4462379282294|6.0
183|183|0|223|129|Bearish|NYSE:PNC|PNC Financial Services Group Inc|Financial|221.64999389648438|0.5943848406537656|-0.08492282726675415|-0.09261184145265522|0.13941980168709756|0.0728337365738414|-0.018126286278891013|-1.5956770588022282|0.04787539602163056|0.7071493165240677|2|111.0|161.0|205.0|206.0|125.0|167.0|200.20000000000002|192.0795845098884|7.0
184|184|0|251|116|Bullish|CVS||Healthcare|87.0999984741211|0.15840935127623804|-0.06404469418473857|-0.1528348722084475|0.19199557547626078|0.11239057203625169|0.0033034983527451267|-1.1266219195265605|0.048138772342885286|0.7242005556368334|1|107.0|160.0|168.0|243.0|108.0|149.0|200.7|183.80927568011407|3.0
185|185|0|91|228|Bearish|NASDAQ:CEG|Constellation Energy Corp|Utilities|264.5799865722656|1.3186381394625815|-0.043974754933096216|0.06690303271687714|-0.19148208565046576|-0.2743916080158624|-0.08329529941933056|-0.5630056532250698|0.03595762168653675|-0.21697658666402403|2|217.0|198.0|142.0|90.0|229.0|217.0|201.55|207.97215170086835|12.0
186|186|0|240|123|Bearish|RKLB||Industrials|69.69999694824219|3.6956360749822883|0.08246618432873287|-0.3143138622531414|0.4548110450893077|-0.08277406359194395|-0.1421095387779311|0.7546069231832012|0.02512481249310286|0.8586976570085527|2|96.0|222.0|37.0|281.0|59.0|248.0|201.7|256.0709796323927|5.0
187|187|0|264|107|Bearish|MNST|Monster Beverage Corp|Consumer Defensive|41.7400016784668|0.2161475091970639|-0.10926160617150604|-0.13150227869815478|0.2402318583396732|0.09611343674955752|-0.013628734331583847|-2.102362229744219|0.06899348231673254|0.9450011751113835|2|85.0|121.0|236.0|234.0|97.0|160.0|202.45|186.58090632369453|9.0
188|188|0|112|215|Bearish|AMT||Real Estate|167.35000610351562|-0.07532579195534606|-0.05038863893381906|0.0231093636366011|-0.10411881770754494|-0.023824226857252384|-0.04524284710808957|-1.8478199390023988|0.03548389081394074|-0.2906078948094269|2|227.0|200.0|150.0|114.0|209.0|191.0|204.15000000000003|182.19722395723164|10.0
189|189|0|235|134|Bearish|GS||Financial|916.239990234375|1.599443439108619|-0.10953934572151469|-0.08962361382470219|0.1731788275883035|0.016746539976536745|-0.03745473378422992|-1.3497340540605647|0.03837367912323546|0.6595135465306676|2|115.0|186.0|237.0|202.0|113.0|184.0|204.60000000000002|216.86461276416236|7.0
190|190|0|164|190|Bearish|HON|Honeywell International Inc|Technology|210.1300048828125|0.7116384002939701|-0.033573968812361854|-0.05868460088452099|0.02966927179230283|0.03669483941862617|-0.0814523585788669|0.6894119979316898|0.008573177445490196|0.2436252595675853|2|171.0|266.0|121.0|176.0|162.0|212.0|205.85000000000002|199.9140764700514|4.0
191|191|0|154|196|Bearish|NYSE:WFC|Wells Fargo & Company|Financial|80.4800033569336|0.7523057624633971|-0.07163454734783281|-0.020546319679241143|-0.018909522795315103|-0.14070474808448807|-0.04432223588542994|-1.7992464984645347|0.005757686021627423|0.06291642896292339|2|189.0|272.0|182.0|142.0|183.0|190.0|205.85000000000002|200.75121412030904|7.0
192|192|0|97|233|Bearish|ABT|Abbott Laboratories|Healthcare|100.94999694824219|0.030463766184487304|-0.10242735082624299|0.12045409164988174|-0.2288836547590991|-0.17202602266539468|-0.02492982663104648|-1.025560135288843|0.09696304483376822|-0.8400784970534024|2|265.0|70.0|225.0|64.0|237.0|174.0|206.60000000000002|186.56938140937152|3.0
193|193|0|207|158|Bearish|AEP|American Electric Power Company Inc|Utilities|119.30000305175781|-0.028945615541375473|-0.02460955414044519|-0.12134868559311884|0.09334178347904687|0.05378335956746927|-0.049782195354432845|-0.8845712991588289|0.036905288708363966|0.5685585304949974|2|130.0|192.0|109.0|229.0|142.0|194.0|208.45000000000002|187.00162864404004|12.0
194|194|0|182|178|Bearish|LIN|Linde PLC|Materials|473.3699951171875|0.07264494845231555|-0.02978718400381697|-0.08480961200225856|0.010087467961407803|0.11400589472559308|-0.01890096712262712|0.5370104137321093|0.004278791548262497|0.14839005009906453|2|178.0|278.0|118.0|198.0|170.0|168.0|208.8|189.43682652368435|6.0
195|195|0|244|143|Bullish|ETSY|Etsy Inc|Consumer Defensive|69.27999877929688|1.1113829174139351|-0.17119270469577885|-0.08031332675825986|0.04353064341342727|0.2094972111685387|0.05938956039255139|-1.0964493994254494|0.007601061593786087|0.33700493177468066|1|155.0|268.0|269.0|197.0|158.0|105.0|210.75|213.0973949844987|9.0
196|196|0|249|141|Bearish|UPS|United Parcel Service Inc|Industrials|93.93000030517578|0.7622841125976093|-0.10823128574671514|-0.11230121382689917|0.19836997995642425|-0.026039819137399722|-0.08331918044508135|-1.3304329491279574|0.04651768407521241|0.756855072074204|2|102.0|165.0|234.0|217.0|106.0|218.0|212.60000000000002|207.5461602338252|5.0
197|197|0|109|232|Bearish|SPOT|Spotify Technology SA|Technology|493.6600036621094|0.34546209721692844|-0.09835437735022856|0.07520745412426333|-0.2927507110858032|-0.14146086319633155|-0.016523128141229027|-1.560609290336461|0.07937752954035582|-0.5565720286242539|2|248.0|97.0|219.0|83.0|256.0|165.0|212.85000000000002|198.91816073926236|4.0
198|198|0|159|202|Bearish|IREN|IREN Ltd|Technology|41.380001068115234|3.8305698181949897|0.1672778611439465|-0.09512351886431636|-0.1182612231189023|-0.03091334124681988|-0.09165341843369612|-0.8387014028555977|0.008653620047172343|0.4128356163926485|2|149.0|265.0|18.0|209.0|212.0|221.0|213.5|273.93266561846303|4.0
199|199|0|89|249|Bearish|MOS|Mosaic Co|Materials|22.420000076293945|0.7453826866569986|-0.04195841357060881|0.06700240214349296|-0.3297736478627177|-0.07944718919996696|-0.07182052868254019|-2.023185174619239|0.08113862816752554|-0.6699541458802288|2|253.0|94.0|140.0|89.0|261.0|205.0|213.65|208.21010110042678|6.0
200|200|0|163|201|Bearish|COF|Capital One Financial Corp|Financial|196.4600067138672|1.3350649627660063|-0.0890712274223231|-0.017277552927642437|-0.06146590663733964|-0.1983314723501568|-0.041809310560128043|-1.2589199587961502|0.016939445072285165|-0.03890815512662669|2|200.0|245.0|213.0|141.0|193.0|187.0|214.20000000000002|221.37709150244788|7.0
201|201|0|184|191|Bearish|EXR|Extra Space Storage Inc.|Real Estate|133.49000549316406|0.3638106004823498|-0.05493270539147632|-0.07047787975820352|-0.008124997732442796|0.054522764738413665|-0.0379326872439274|-1.0979111809381132|0.0028468550639601884|0.07707607285598841|2|185.0|282.0|157.0|184.0|178.0|185.0|215.85000000000002|202.11785181141153|10.0
202|202|0|231|160|Bearish|ETR|Entergy Corp|Utilities|99.76000213623047|0.19644226197646522|-0.056643005803967195|-0.12627954352086734|0.09716282682896082|0.08210935030867117|-0.051997163265430246|-1.023961269452282|0.035364518268326164|0.5593859983585092|2|133.0|202.0|160.0|230.0|141.0|196.0|217.25|199.7927081414387|12.0
203|203|0|213|176|Bearish|D|Dominion Energy Inc|Utilities|60.63999938964844|-0.07710965485374183|-0.06555895714003557|-0.10305149815745507|0.033694807177282016|0.05545657771231727|-0.04084412719862762|-1.4537014185698722|0.013969204273209638|0.26473078815701345|2|168.0|251.0|171.0|212.0|161.0|186.0|221.70000000000005|197.8204789518926|12.0
204|204|0|185|198|Bearish|FE|FirstEnergy Corp|Utilities|43.63999938964844|-0.06828594420747841|-0.04882305201216541|-0.072935790633883|-0.009313092427655545|-0.006785309891772284|-0.06628453479229224|-1.280296479645823|0.0043653576601264035|0.022438307233976395|2|194.0|277.0|147.0|189.0|181.0|202.0|222.3|198.55200346026777|12.0
205|205|0|222|174|Bearish|PSA|Public Storage|Real Estate|285.5799865722656|0.4072921226878558|-0.07974223025116622|-0.09361938171258255|0.029596476399857963|0.138191639625465|-0.02878684142230381|-1.4243264845433716|0.009792049583337641|0.24226911355651753|2|172.0|259.0|195.0|207.0|163.0|176.0|222.60000000000002|209.4063226510317|10.0
206|206|0|252|161|Bearish|NYSE:GE|General Electric Company|Technology|317.8900146484375|1.244909550735846|-0.07207067806519363|-0.14835241427638102|0.06081523116167009|-0.006235652761090393|-0.016417546989456522|-0.5467088730739967|0.01452748148413404|0.3450944577532423|2|154.0|248.0|184.0|239.0|151.0|164.0|224.75|230.25434215278813|4.0
207|207|0|171|214|Bearish|NASDAQ:PEP||Consumer Defensive|128.69000244140625|-0.2414809267596567|-0.07801251125587771|-0.03940337463998245|-0.046536178664268735|-0.06765498285783389|-0.11157833918696625|-1.2753663174738|0.017123241799222862|-0.1219114650282519|2|204.0|243.0|193.0|159.0|191.0|232.0|227.70000000000002|199.4314792976826|9.0
208|208|0|253|168|Bearish|ASTS|AST SpaceMobile Inc|Communication Services|59.400001525878906|3.760213288289679|0.023255853687530914|-0.33153273556292073|0.210268934592712|-0.28836707011876883|-0.2699727241010417|-0.7017433194957409|0.009233990238175883|0.7196036339975914|2|109.0|262.0|71.0|284.0|103.0|280.0|228.0|290.93286297300466|8.0
209|209|0|104|259|Bearish|NASDAQ:ADBE|Adobe Inc|Technology|233.1699981689453|0.3666621456504778|-0.20015776977128674|0.13730364505833537|-0.33899362673580347|-0.3004200218759677|-0.10856696973966151|-1.2568165554296478|0.09261583590223828|-0.8151123281883463|2|264.0|77.0|276.0|55.0|263.0|230.0|228.15|213.70039685301563|4.0
210|210|0|202|195|Bearish|NYSE:GD|General Dynamics Corp|Industrials|332.3399963378906|0.40175292695108916|-0.12385323758093414|-0.05769346085225646|-0.008202053573453272|-0.01944353252972386|-0.05976009296591711|-1.8301636672412138|0.0029888566027181005|0.0740277521144383|2|186.0|281.0|249.0|173.0|179.0|198.0|228.3|214.64201932229338|5.0
211|211|0|241|175|Bearish|PPG|PPG Industries Inc|Materials|106.0199966430664|1.038950814553291|-0.0717913192961025|-0.12046014489864143|0.03505414904582871|0.03490190803958759|-0.04378315424230306|-0.4814591190074874|0.009101137723436912|0.2655364263296391|2|166.0|263.0|183.0|227.0|159.0|189.0|229.20000000000005|230.0927526695615|6.0
212|212|0|90|272|Bearish|BABA|Alibaba Group Holding Ltd - ADR|Consumer Defensive|107.73999786376953|1.3003116906557157|-0.09386041647510301|0.12252546463352876|-0.3916551230009958|-0.30185259726590474|-0.17654555063017152|-1.2244461638620225|0.10231238010598967|-0.9863666393880559|2|274.0|60.0|216.0|62.0|268.0|260.0|231.20000000000002|238.14320628796014|9.0
213|213|0|198|205|Bullish|IONQ|IONQ Inc|Technology|43.90999984741211|3.559092029472656|0.12015303553069301|-0.17555386347695123|-0.2860162626437055|-0.06115032247934926|0.008356657014628288|1.3511892219282482|0.03257708978728883|0.09975226758487217|1|182.0|210.0|24.0|254.0|253.0|145.0|233.95|293.81995802951275|4.0
214|214|0|133|244|Bearish|NOC|Northrop Grumman Corp|Industrials|504.6099853515625|0.0658833666704223|-0.0708709113692172|-0.004722180355363759|-0.15834584993475487|-0.12787863616853234|-0.1519874441588226|-1.7009083953877373|0.04992327391996929|-0.5034408260504163|2|243.0|156.0|181.0|132.0|219.0|253.0|234.1|212.23232961375456|5.0
215|215|0|197|208|Bearish|DUK|Duke Energy Corp|Utilities|114.20999908447266|-0.2910214522145885|-0.05022869784222328|-0.08979178722174996|-0.04470118779518595|-0.002047805095993449|-0.06646652661600094|-1.2678436249212302|0.021684689799846373|-0.20674746633897148|2|216.0|231.0|149.0|203.0|190.0|203.0|235.05|204.7045407656961|12.0
216|216|0|193|212|Bearish|CCL|Carnival Corporation Ltd|Consumer Cyclical|25.110000610351562|2.0282827324569768|0.014135718022387556|-0.11650283389588456|-0.11748491548185158|-0.17485414864678528|-0.07956968017618715|2.95691503300123|0.021648835974302123|-0.011088949992809285|2|197.0|232.0|77.0|223.0|211.0|210.0|235.10000000000002|259.2749270400636|11.0
217|217|0|157|241|Bearish|MELI|MercadoLibre Inc|Consumer Cyclical|1724.9000244140625|1.0955616529690797|-0.12274633214796571|0.01620724142843666|-0.2618980086513877|-0.12605762421491107|-0.06361041894342823|-1.4747821865794022|0.06943620567619814|-0.5374058113605784|2|245.0|119.0|248.0|120.0|247.0|199.0|235.95|238.20477720180546|11.0
218|218|0|265|171|Bullish|NASDAQ:AFRM|Affirm Holdings Inc|Financial|69.30000305175781|2.541130662303371|-0.10879628153367704|-0.1502145866533594|-0.051724119931406465|-0.06389295968571385|0.03834384898553833|-0.8316219683740218|0.00774288529856825|0.2053614883816333|1|177.0|267.0|235.0|241.0|192.0|120.0|239.15|276.00613978898514|7.0
219|219|0|257|180|Bearish|APLD|Applied Digital Corp|Technology|25.40999984741211|3.866648502753317|0.0027624188793491378|-0.31876674618895884|0.10767215587843748|-0.0960512523768915|-0.20965091123406066|-0.4998005724146185|0.006411918816978002|0.6034198149005099|2|124.0|271.0|88.0|282.0|138.0|272.0|239.90000000000003|308.67089758105215|4.0
220|220|0|189|223|Bearish|CVNA|Carvana Co|Consumer Defensive|63.619998931884766|2.3643800765929606|-0.14073476303074084|-0.03342450278243392|-0.1567702181791707|-0.2052467644410947|-0.12099938373219687|-1.0745165026898396|0.021622447704073403|0.04036691987297512|2|193.0|233.0|259.0|152.0|218.0|238.0|240.55|273.3701627424437|9.0
221|221|0|196|219|Bearish|NYSE:TJX|TJX Companies Inc|Consumer Cyclical|133.8000030517578|0.12145922517603071|-0.009769035769168544|-0.1140450468427554|-0.06301079127119735|-0.12469195029998414|-0.1205455085955075|1.4818345421197245|0.024330178444826777|-0.20480558808713367|2|215.0|225.0|97.0|220.0|194.0|237.0|241.65|220.4200621763788|11.0
222|222|0|247|194|Bearish|NEE|NextEra Energy Inc|Utilities|75.88999938964844|0.1862794297973407|-0.07270280076353608|-0.12885173613467826|0.03418983721397617|-0.04181514501823158|-0.12130143192641807|-1.5497864023303956|0.011919898369948596|0.26475358043809044|2|167.0|255.0|185.0|232.0|160.0|239.0|241.95000000000005|222.2620308039467|12.0
223|223|0|201|217|Bearish|WEC|WEC Energy Group Inc|Real Estate|102.58000183105469|-0.10497215860037783|-0.034268493201061734|-0.1138632047660405|-0.0741950656800956|-0.011551193086619227|-0.06587790914544478|-0.778881085190967|0.03628408063141002|-0.4044898833270999|2|235.0|197.0|123.0|219.0|200.0|201.0|243.45|216.5494527988738|10.0
224|224|0|283|152|Bearish|ALB||Materials|107.62000274658203|1.494473937521411|-0.2138717664093901|-0.20030680484506524|0.3425500207103025|-0.24597784476410478|-0.30512454442204795|-1.117932035886447|0.026831483721698236|0.8004400748834346|2|99.0|218.0|281.0|266.0|74.0|283.0|243.64999999999998|255.69785748770917|6.0
225|225|0|183|236|Bearish|CBRE|CBRE Group Inc|Real Estate|130.83999633789062|0.8599330847302283|-0.13247586537624922|-0.0285842010077213|-0.16958619976346745|-0.18321996164680232|-0.10139926770301388|-1.9005712032855981|0.0496525105151927|-0.40305763860879606|2|234.0|157.0|255.0|147.0|222.0|226.0|244.75|241.32186224877233|10.0
226|226|0|156|255|Bearish|NYSE:SE|Sea Ltd|Communication Services|98.62000274658203|1.264561703217797|-0.17376003483340163|0.029114065138452494|-0.44821795387428376|-0.2499809975921773|-0.04542457948173484|-1.3576877007144568|0.12262171170460913|-0.9168955521637473|2|271.0|30.0|271.0|111.0|274.0|192.0|246.35000000000002|252.86747755877042|8.0
227|227|0|224|210|Bearish|AXP|American Express Co|Financial|305.3999938964844|0.9655459850900173|-0.08343342524631592|-0.09464597605938674|-0.07072893944291547|-0.17579989606230995|-0.08107334505602937|-1.2051982989874062|0.02276616281828622|-0.14063809688162723|2|207.0|228.0|202.0|208.0|198.0|211.0|246.8|245.94967491202164|7.0
228|228|0|216|216|Bearish|KMB|Kimberly-Clark Corp|Consumer Defensive|98.98999786376953|0.023542732665274332|-0.08555144562788408|-0.08738411549076008|-0.16312052666293686|0.01388728696345276|-0.014569844269577414|-0.34597301913001877|0.06438840210383208|-0.5080708956682869|2|244.0|133.0|207.0|201.0|221.0|163.0|248.3|224.05456605207877|9.0
229|229|0|181|245|Bearish|VST|Vistra Corp|Utilities|140.8300018310547|1.4430005515881286|0.02896381571612694|-0.11075685871961571|-0.27701057611057545|-0.14391526264348997|-0.09091725058965638|-0.3949462484019285|0.05640810565493723|-0.429622863880681|2|237.0|145.0|69.0|216.0|252.0|220.0|251.35000000000002|262.4848188641676|12.0
230|230|0|221|221|Bearish|EQT|EQT Corp|Energy|48.880001068115234|0.1569741777276904|-0.10426972069872786|-0.07780100980135185|-0.09137968604888058|-0.07762635471120283|-0.11668682490189819|-1.5576940055855366|0.024553034963258093|-0.1613331692928087|2|209.0|223.0|229.0|194.0|204.0|234.0|251.75000000000006|230.52682492429466|1.0
231|231|0|123|278|Bearish|HUBS|HubSpot Inc|Technology|197.6699981689453|0.567755270734039|-0.2417139645435089|0.08306396426712714|-0.5774476200789751|-0.48285065932194504|-0.2055805139703819|-1.9275139433455495|0.12232653568914352|-0.8057852152915529|2|261.0|31.0|286.0|79.0|285.0|269.0|251.95|241.0595940461441|4.0
232|232|0|199|234|Bearish|CRWV|CoreWeave Inc|Technology|85.93000030517578|3.2712230357634384|0.02018279568431547|-0.13672895805879504|-0.3720862515696426|0.08333334134875048|-0.06743817258550178|-0.07337922098848383|0.04873474129269697|-0.03375234409377677|2|199.0|159.0|72.0|236.0|266.0|204.0|252.50000000000003|309.8483816530269|4.0
233|233|0|245|213|Bearish|O|Realty Income Corp|Real Estate|55.13999938964844|-0.01319621186084178|-0.10645125156985591|-0.10238735224010076|-0.04341767031037824|-0.004036874549031455|-0.09232308127394961|-1.3145760556682378|0.020414166707506138|-0.18821983772964349|2|213.0|236.0|232.0|211.0|189.0|222.0|253.65|227.95027808614975|10.0
234|234|0|235|218|Bearish|EXC|Exelon Corp|Utilities|40.650001525878906|-0.22577134763602172|-0.06585348470799879|-0.1197542352335248|-0.06370879304089827|-0.048777903472883466|-0.09543363920049552|-1.2953489556542848|0.02606508785870568|-0.24626073000471826|2|219.0|219.0|173.0|226.0|195.0|224.0|253.90000000000003|222.77766548352142|12.0
235|235|0|228|220|Bullish|HIMS|Hims & Hers Health Inc|Healthcare|28.700000762939453|2.7040350645625315|-0.004854347742986209|-0.1721949155265119|-0.49400563918775464|-0.14097572900280886|0.03770449539594756|0.35707462793756295|0.09086783050742074|-0.30651585487294497|1|229.0|80.0|92.0|252.0|278.0|121.0|254.2|297.51657134117954|3.0
236|236|0|226|225|Bearish|XEL|Xcel Energy Inc|Utilities|70.69000244140625|0.012308219609179168|-0.06788991268698574|-0.11258020245531974|-0.09626551192321509|-0.031495109068488736|-0.08160138804164574|-1.06445758154384|0.04326411292691134|-0.4479074120349459|2|239.0|171.0|177.0|218.0|206.0|213.0|255.85000000000002|230.57990579870088|12.0
237|237|0|151|270|Bearish|NASDAQ:ADSK|Autodesk Inc|Technology|203.17999267578125|0.48910107208876863|-0.22051718782617225|0.04505706506191687|-0.3604055022901872|-0.2913891644029223|-0.15436486490204648|-1.3549749894274525|0.1051727510715871|-0.9877593997920212|2|275.0|52.0|283.0|103.0|265.0|254.0|255.90000000000003|242.8260964347516|4.0
238|238|0|218|229|Bearish|GLXY|Galaxy Digital Inc|Financial|23.06999969482422|3.875971444521883|-0.006031856750140729|-0.15618143503775694|-0.31765753452323453|-0.06787880020912251|-0.07485755226342306|-0.9643435615575537|0.0362862389451052|0.04476788770429592|2|191.0|196.0|93.0|244.0|259.0|207.0|256.1|329.7536286942055|7.0
239|239|0|206|238|Bearish|HSY|Hershey Co|Consumer Defensive|161.41000366210938|-0.16178518741108397|-0.09851996140178376|-0.0727892005566333|-0.11105368653982617|-0.09541023246172653|-0.14577418605874393|-2.2364618949702773|0.033096403679843685|-0.3052142736542627|2|228.0|208.0|220.0|187.0|210.0|251.0|256.3|226.52344564665393|9.0
240|240|0|227|226|Bearish|SO|Southern Co|Utilities|83.44999694824219|-0.23299896085487765|-0.054390969425017754|-0.12089570928267934|-0.09037149793137311|-0.019246443387312295|-0.08292799144779861|-1.2403299502949348|0.04358859897121143|-0.46508457625111926|2|241.0|169.0|155.0|228.0|203.0|215.0|256.6|224.96124666446386|12.0
241|241|0|219|230|Bearish|NYSE:CMG||Consumer Cyclical|31.8799991607666|0.7015471234703566|-0.16171443113162198|-0.062352965859805876|-0.18652716820868764|-0.14963996443143457|-0.08717378601625381|-1.2159576435002803|0.044262802583808596|-0.27357906988934305|2|224.0|168.0|267.0|179.0|225.0|219.0|256.70000000000005|249.0387146594841|11.0
242|242|0|138|276|Bearish|KWEB|KraneShares CSI China Internet ETF|Technology|24.3700008392334|1.1256981235968546|-0.07408810327510318|-0.004086574455542391|-0.38455844597491207|-0.3160258178874501|-0.16748869229091856|-1.0655445833552828|0.1506908297996437|-1.659463954151754|2|289.0|19.0|188.0|131.0|267.0|257.0|256.75|259.9772993233492|4.0
243|243|0|141|277|Bearish|NASDAQ:PDD|PDD Holdings Inc - ADR|Consumer Cyclical|77.5|0.9671794751579238|-0.09557710594075974|0.0159937236526837|-0.4136339481450533|-0.33045356371490275|-0.1844393123019228|-1.0677965145137023|0.1413720469519658|-1.4406692104990904|2|283.0|22.0|217.0|121.0|270.0|263.0|257.85|257.0037227669471|11.0
244|244|0|190|250|Bearish|UBER|Uber Technologies Inc|Technology|69.36000061035156|0.8695725403353524|-0.12002028826566791|-0.03880270107619288|-0.2920281744806763|-0.16292541516483483|-0.07486571058888436|-0.9701172407921514|0.0885238090584235|-0.8083358413200397|2|262.0|82.0|246.0|158.0|255.0|208.0|258.05|254.68431940335375|4.0
245|245|0|212|239|Bearish|TSLA|Tesla Inc|Consumer Cyclical|352.8399963378906|2.215357208462527|0.01172758806563623|-0.1611032068053473|-0.20660191723019627|-0.19455796918607304|-0.10603349661624473|-1.4015426672729083|0.04066782391257629|-0.27360713570038125|2|225.0|177.0|80.0|246.0|233.0|228.0|259.45|290.98244277356025|11.0
246|246|0|169|268|Bearish|NASDAQ:TMUS|T-Mobile Us Inc|Communication Services|162.97999572753906|-0.34775455269673755|-0.10139493788796883|-0.022711296037477346|-0.3047750199922491|-0.17024499354944866|-0.1416545106609931|-1.283721371822149|0.10608449958427328|-1.050950686148639|2|276.0|49.0|223.0|145.0|258.0|246.0|260.55|225.4342551294865|8.0
247|247|0|225|235|Bearish|SBAC|SBA Communications Corp|Real Estate|162.80999755859375|0.09991139681644164|-0.14736842021147512|-0.0709890944405791|-0.1364529936181189|-0.137325239272854|-0.14119058609543234|-1.8055749361441167|0.03853627603241212|-0.26451135715365914|2|222.0|185.0|262.0|186.0|215.0|245.0|261.05|237.55318701389322|10.0
248|248|0|176|261|Bearish|GIS|General Mills Inc|Consumer Defensive|33.81999969482422|-0.3483662723500898|-0.18604090695966968|-0.011338531503101157|-0.287500643930502|-0.22399599118586067|-0.11453788390951225|-1.3323437394232545|0.103224595860782|-1.0596387530796796|2|277.0|58.0|272.0|137.0|254.0|233.0|261.3|226.06718930349217|9.0
249|249|0|215|242|Bearish|TLN|Talen Energy Corp|Utilities|314.8399963378906|1.9171107935262028|0.06327142282785458|-0.18065895920336938|-0.2598617877569831|-0.20641245275306275|-0.10679951461115822|1.058138571334725|0.04531089937552163|-0.26922420028816335|2|223.0|166.0|49.0|259.0|246.0|229.0|263.05|287.1745994237068|12.0
250|250|0|256|224|Bearish|NYSE:RCL|Royal Caribbean Cruises Ltd|Consumer Cyclical|260.6700134277344|1.5749210396805935|-0.06152596334213434|-0.174191302283069|-0.178296420828719|-0.06452439952100553|-0.0823847692208346|0.81955432545091|0.03664230735484303|-0.17792964670678263|2|211.0|194.0|165.0|253.0|223.0|214.0|266.9|282.244642549075|11.0
251|251|0|248|231|Bearish|SRE|Sempra|Utilities|78.18000030517578|0.12735954190535914|-0.06491947265709475|-0.14964252022659363|-0.098485482982688|-0.10875490633593887|-0.11989921597489672|-1.2621391640822308|0.03904800868937322|-0.4109782173415017|2|236.0|183.0|169.0|240.0|207.0|236.0|267.7|244.33941493680643|12.0
252|252|0|174|274|Bearish|NFLX|Netflix Inc|Communication Services|70.30000305175781|0.3119541525395877|-0.13974544785068044|-0.015406140764890552|-0.41363890790178026|-0.22738757333513548|-0.1676853167216642|-1.2852989620139483|0.13972332120314052|-1.287336843690409|2|281.0|23.0|258.0|140.0|271.0|258.0|270.45|251.84180005543314|8.0
253|253|0|160|289|Bearish|NASDAQ:INTU|Intuit Inc|Technology|268.0299987792969|0.3023743759491211|-0.2514383047342901|0.03148391082277424|-0.6031086543646174|-0.5701925323336539|-0.32559867121682107|-1.6788271639207706|0.17135918314930093|-1.6266610365375576|2|288.0|9.0|288.0|109.0|287.0|285.0|273.35|254.28040356656925|4.0
254|254|0|192|273|Bearish|NYSE:ORCL||Technology|137.7899932861328|2.022250571553993|-0.08657615040745059|-0.05650389447125925|-0.5044784691179665|-0.2891571452884154|-0.1544644662632828|-1.1506115101553047|0.11199045949081812|-0.9661697369666495|2|272.0|39.0|211.0|172.0|279.0|255.0|275.8|303.99367076345914|4.0
255|255|0|263|236|Bearish|NYSE:BA|Boeing Co|Industrials|187.67999267578125|1.2399180380251902|-0.1055190824306198|-0.13299768273927648|-0.1304267660494598|-0.17601093578908478|-0.15056170938089553|-1.9186824425679492|0.03252945075885313|-0.23986628135086138|2|218.0|211.0|230.0|235.0|214.0|252.0|276.2|282.82653621025577|5.0
256|256|0|250|248|Bearish|BKNG|Booking Holdings Inc|Consumer Cyclical|162.33999633789062|0.8787487421514828|-0.2086171806409559|-0.08700604436885107|-0.24144299254555857|-0.23207222933272198|-0.11104684194682146|-0.9044636581195128|0.06373545255963806|-0.54314218263466|2|246.0|136.0|280.0|200.0|245.0|231.0|278.85|275.4689086748941|11.0
257|257|0|254|247|Bearish|PEG|Public Service Enterprise Group Inc|Utilities|67.68000030517578|0.10516434906690422|-0.06686218730092741|-0.1584973154489746|-0.1612793398965865|-0.14256425969296083|-0.12978660448035761|-1.1546824264393019|0.07203944712268583|-0.8655297406909248|2|266.0|112.0|176.0|245.0|220.0|242.0|281.20000000000005|256.0372214957614|12.0
258|258|0|238|260|Bearish|VICI|VICI Properties Inc|Real Estate|23.200000762939453|0.01801283255982446|-0.08606983072486973|-0.10947737552304138|-0.23868279504441758|-0.1320807573167624|-0.12670018245337622|-1.5655608261996417|0.12060173081766067|-1.4005226173942829|2|282.0|33.0|209.0|214.0|242.0|241.0|282.25|254.53341219900105|10.0
259|259|0|268|240|Bearish|IBM|IBM Common Stock|Technology|219.99000549316406|0.8909194526565518|-0.06621669462718849|-0.21209019551521047|-0.20006714718349694|-0.22994378805143845|-0.13375682945373557|-1.7800956886114538|0.04351882852475146|-0.20339226992771714|2|214.0|170.0|175.0|267.0|231.0|244.0|282.6|279.51738373207417|4.0
260|260|0|287|207|Bearish|EIX|Edison International|Utilities|53.560001373291016|0.05654217776186162|-0.2367108056018915|-0.2720509146315224|0.022280811441677928|-0.08652851986010524|-0.20430940082958404|-0.8851550312153764|0.00502007906951809|0.25774722141649103|2|170.0|274.0|285.0|276.0|168.0|268.0|282.95|256.2548609197719|12.0
261|261|0|204|279|Bearish|CELH|Celsius Holdings Inc|Consumer Defensive|27.709999084472656|1.0643989874551592|-0.15979383053097274|-0.05362027204080366|-0.5180031609765705|-0.41968588304769305|-0.2445134773348795|-0.7396828232958467|0.11151053749110122|-0.8685454354016614|2|267.0|41.0|265.0|169.0|280.0|275.0|285.95000000000005|287.79148904628033|9.0
262|262|0|243|267|Bearish|CCI|Crown Castle Inc|Real Estate|67.06999969482422|0.14331211209734449|-0.10631443665780471|-0.10147607944256554|-0.26910736557115345|-0.21420914892700338|-0.1745774385402189|-1.8861362398901922|0.08410977195270666|-0.9001353396334671|2|270.0|86.0|231.0|210.0|249.0|259.0|286.90000000000003|262.32162449607284|10.0
263|263|0|258|257|Bearish|NASDAQ:CMCSA|Comcast Corp|Communication Services|21.600000381469727|0.1480459795471995|-0.20177380606916095|-0.10817502089854081|-0.23094525865110282|-0.1905920997286803|-0.18042107493904136|-1.3613589949163065|0.0692759111006306|-0.656956167572627|2|252.0|120.0|278.0|213.0|238.0|262.0|289.40000000000003|264.74445064809595|8.0
264|264|0|259|258|Bearish|SYK|Stryker Corp|Technology|278.7699890136719|0.146060546921531|-0.15700508949294256|-0.11456615342323895|-0.23994718831792816|-0.19504129289195116|-0.15617970217602006|-0.2903752679370846|0.07732281233416374|-0.7811638616803044|2|258.0|99.0|264.0|221.0|244.0|256.0|292.0|267.0649679701087|4.0
265|265|0|288|222|Bearish|NASDAQ:ENPH|Enphase Energy Inc|Technology|31.829999923706055|2.5212961993433916|-0.1455033577528576|-0.3535743533976021|-0.10059337460694284|-0.05688889114945028|-0.22774396134639519|-1.6384063557292294|0.009735818653553439|0.2630591980894669|2|169.0|260.0|260.0|288.0|208.0|273.0|294.79999999999995|339.6478119566431|4.0
266|266|0|260|264|Bearish|MCD|McDonald's Corp|Consumer Cyclical|233.97999572753906|7.094884432684692e-06|-0.11078074429434415|-0.12824866253613987|-0.21024666244891155|-0.2133266934641853|-0.1861929423028188|-1.7164794825851832|0.09460714659086883|-1.1427579075843024|2|280.0|73.0|238.0|231.0|234.0|264.0|295.6|266.04020972478384|11.0
267|267|0|262|265|Bearish|NYSE:LOW|Lowe's Companies Inc|Consumer Cyclical|187.25999450683594|0.6301053182480226|-0.09992794155234797|-0.14546107943875186|-0.23955676160203365|-0.22972992311403173|-0.1885972616042635|-1.585177277915307|0.07629919078344208|-0.8757004152428092|2|268.0|101.0|221.0|238.0|243.0|266.0|296.1|285.14741847332397|11.0
268|268|0|279|243|Bearish|NASDAQ:TTWO|TAKE-TWO INTERACTIVE SOFTWARE, INC Common Stock|Communication Services|202.77999877929688|0.6563652853012965|-0.13853604951317922|-0.1888150962274875|-0.21512614074751302|-0.19403818020629449|-0.09932438793621134|-1.325780243866222|0.06628976245578502|-0.5801986498130469|2|249.0|125.0|257.0|262.0|236.0|225.0|297.35|287.13202175843406|8.0
269|269|0|277|245|Bearish|STZ|Constellation Brands Inc|Consumer Defensive|112.7699966430664|0.023534940602476236|-0.13711841352496823|-0.18284156181146705|-0.138148722720413|-0.18423431329046158|-0.20708710440134148|-1.5194433662958233|0.03649332919700302|-0.344695413065382|2|231.0|195.0|256.0|261.0|216.0|271.0|297.4|268.3599291335176|9.0
270|270|0|273|252|Bearish|VMC|Vulcan Materials Co|Materials|242.75|0.8071133296521102|-0.11569709167524167|-0.17561768314927206|-0.2049823729357675|-0.16573993034925527|-0.14504924265574604|-1.0153719016479263|0.06347921859178914|-0.6726415199719776|2|254.0|137.0|243.0|255.0|232.0|250.0|297.45|291.712585990502|6.0
271|271|0|267|262|Bearish|MLM|Martin Marietta Materials Inc|Materials|479.0899963378906|0.8358391951962055|-0.09638055389239997|-0.16790857246804447|-0.2356020679831594|-0.24162549156744983|-0.1881524307624799|-1.8406153956962823|0.07132819923721936|-0.8096122883081137|2|263.0|115.0|218.0|248.0|241.0|265.0|297.95|293.05882882087093|6.0
272|272|0|229|286|Bearish|FISV|Fiserv Inc|Financial|45.36000061035156|0.6309673721444833|-0.1470477557342761|-0.0752293309705282|-0.6481811588679927|-0.3084311153689212|-0.20569878635596506|-1.3864331203994418|0.25352665360406085|-1.4462413147317923|2|284.0|2.0|261.0|190.0|288.0|270.0|298.15000000000003|287.1472922004878|7.0
273|273|0|265|266|Bearish|PINS||Communication Services|18.540000915527344|0.9687844636657764|-0.20051744335672295|-0.11840226770412643|-0.42368660333264874|-0.30195778281919783|-0.13081590744809968|-0.700105918120761|0.10561793813711974|-0.7688350652197534|2|257.0|50.0|277.0|225.0|272.0|243.0|299.75|298.81431429838165|8.0
274|274|0|234|287|Bearish|CHWY|Chewy Inc|Consumer Cyclical|18.260000228881836|0.769310944156564|-0.21496130484949538|-0.07073788379810675|-0.5485784948213953|-0.45476263619829727|-0.261368683270766|-1.334941923666278|0.15357462551044737|-1.5104141434174716|2|286.0|16.0|282.0|185.0|283.0|279.0|300.25|293.32356109830084|11.0
275|275|0|276|251|Bearish|WY|Weyerhaeuser Co|Real Estate|19.549999237060547|0.2911921996940231|-0.16540491438907323|-0.1758635123719814|-0.18263185901864276|-0.15666377898070138|-0.179711647263743|-1.8877598586627282|0.060048690543934115|-0.6290375382012054|2|251.0|141.0|268.0|256.0|224.0|261.0|301.2|279.850709054784|10.0
276|276|0|246|285|Bearish|NKE|Nike Inc|Consumer Cyclical|35.84000015258789|0.7004775848500275|-0.08534865429957372|-0.11765668775596216|-0.4690705203190174|-0.41866535672241356|-0.258603952576549|-0.9142110029065001|0.14621343422300062|-1.5661498118734496|2|287.0|21.0|206.0|224.0|276.0|278.0|302.7|293.63345649341034|11.0
277|277|0|278|256|Bearish|DECK|Deckers Outdoor Corp|Consumer Cyclical|77.68000030517578|1.0606604537006123|-0.11485872362910188|-0.21764528563895003|-0.23369835059223198|-0.2725910699577393|-0.23565161480707486|-1.096231980925712|0.047133965525234196|-0.37604785575183036|2|233.0|162.0|241.0|268.0|240.0|274.0|304.95|306.79984053560014|11.0
278|278|0|281|254|Bearish|NYSE:NVO|Novo Nordisk A/S|Healthcare|38.310001373291016|1.0457309434381992|-0.16005260117018616|-0.19066453879121625|-0.2751395589574612|-0.23224838466349418|-0.14361529870481216|-1.341731200870511|0.0639580681298764|-0.4640311788662868|2|240.0|135.0|266.0|264.0|251.0|249.0|306.25|307.6505101427949|3.0
279|279|0|282|253|Bearish|MP|Mp Materials Corp|Materials|45.43000030517578|2.3460342746365743|-0.19062890716775005|-0.18889481045190304|-0.32264797209054397|-0.1735492214603469|-0.20109170064199033|-1.8183566371445494|0.039055728104745654|-0.1528617462962226|2|208.0|182.0|273.0|263.0|260.0|267.0|306.35|347.5857600034915|6.0
280|280|0|274|263|Bearish|NYSE:HD|Home Depot Inc|Consumer Cyclical|288.0400085449219|0.70115312920942|-0.12122518136000171|-0.1772636288964936|-0.2689924210928075|-0.14899804689155338|-0.14177532403235005|-1.6952711338042745|0.09811736078566233|-1.0998726707309465|2|278.0|68.0|247.0|257.0|248.0|247.0|307.05|297.87390683237527|11.0
281|281|0|272|269|Bearish|LVS|Las Vegas Sands Corp.|Consumer Defensive|38.31999969482422|0.6307923355893515|-0.14920073454941774|-0.1650855110637396|-0.27216928137809493|-0.4020630915540032|-0.25819502127192673|-1.439797280603421|0.0741001039652616|-0.7420818526414618|2|256.0|108.0|263.0|247.0|250.0|277.0|307.55|296.1950182810505|9.0
282|282|0|269|281|Bearish|NASDAQ:APP|Applovin Corp|Communication Services|305.6600036621094|2.111317217975792|-0.038079071411284304|-0.4067503537274294|-0.5746096069682046|-0.5056604993507265|-0.338871103954287|-1.3323400752164012|0.09935031650041408|-0.7925160780260936|2|260.0|67.0|131.0|289.0|284.0|287.0|315.85|350.9509543297654|8.0
283|283|0|280|271|Bearish|NASDAQ:BIDU|Baidu Inc|Technology|86.70999908447266|1.7852399398735312|-0.10718701984875856|-0.24131596473990136|-0.3419595031265057|-0.4230871768205293|-0.2797999371980515|-1.429640532374827|0.06719756272651824|-0.6185312919157254|2|250.0|123.0|233.0|273.0|264.0|281.0|316.54999999999995|341.4067702966966|4.0
284|284|0|271|284|Bearish|LULU|Lululemon Athletica Inc|Consumer Cyclical|96.87000274658203|1.2604150487864205|-0.19816236483574667|-0.15160271074030718|-0.45557237827185393|-0.5404866758292266|-0.33883291497540535|-0.7968165990070826|0.10446953767161188|-1.1284286404132169|2|279.0|54.0|275.0|242.0|275.0|286.0|320.0|328.33328156116545|11.0
285|285|0|275|283|Bearish|OKLO|Oklo Inc|Utilities|37.11000061035156|3.8958960919750356|-0.07548577043771132|-0.29084656388586205|-0.6675624695564051|-0.5230077229474723|-0.3843218474395529|-0.8017511807532468|0.08264756130216169|-0.6778845774291625|2|255.0|89.0|190.0|279.0|289.0|289.0|321.35|414.40962091561784|12.0
286|286|0|286|275|Bearish|NRG|NRG Energy Inc|Materials|97.16999816894531|1.3839346022321422|-0.12553999489588574|-0.3323639463092596|-0.3925856168842411|-0.40949142955170315|-0.31156760570777686|-1.4504746106356403|0.07470251166392984|-0.7890075650288428|2|259.0|106.0|251.0|285.0|269.0|284.0|327.70000000000005|340.2815369151474|6.0
287|287|0|285|280|Bearish|DKNG|DraftKings Inc|Consumer Defensive|19.59000015258789|0.7366163665583724|-0.22446555918122946|-0.22446555918122946|-0.47620322584659247|-0.4506449737405268|-0.24552717199794283|-2.2307461688474244|0.10757429079552305|-0.9681094796507514|2|273.0|46.0|284.0|271.0|277.0|276.0|330.25|321.5517555055903|9.0
288|288|0|289|282|Bearish|UPST||Financial|23.139999389648438|2.9463686690744777|-0.20426411793816135|-0.3468811969988034|-0.5444881941500715|-0.49520071307543234|-0.2908681849530479|-1.5776889383751773|0.09761778586194717|-0.8916278679036163|2|269.0|69.0|279.0|286.0|282.0|282.0|337.15|402.771819677846|7.0
289|289|0|284|288|Bearish|NASDAQ:CHTR|Charter Communications Inc|Communication Services|110.66999816894531|0.28786792326810173|-0.27958598042838245|-0.22178473423731537|-0.5977245317812789|-0.47118693227031216|-0.37252817552939954|-1.4938031001619758|0.15719337407682393|-1.4754241795288154|2|285.0|14.0|289.0|269.0|286.0|288.0|337.25|313.2333457122167|8.0
